時間,論理ID,タグID,中継器ID,送信番号,電波強度,電源電圧
2023-05-16 16:01:50.825,1,82019B41,No Relay,1,138,2930
2023-05-16 16:01:53.216,1,82019B41,No Relay,2,186,2930
2023-05-16 16:01:55.748,1,82019B41,No Relay,3,159,2930
2023-05-16 16:02:00.889,1,82019CFB,No Relay,1,150,2655
2023-05-16 16:02:01.077,1,82019B41,No Relay,5,192,2940
2023-05-16 16:02:03.374,1,82019CFB,No Relay,2,156,2665
2023-05-16 16:02:03.671,1,82019B41,No Relay,6,132,2940
2023-05-16 16:02:07.860,1,8201A0FF,No Relay,1,183,3060
2023-05-16 16:02:08.657,1,82019CFB,No Relay,4,153,2660
2023-05-16 16:02:10.641,1,8201A0FF,No Relay,2,168,3070
2023-05-16 16:02:11.751,1,82019B41,No Relay,9,162,2940
2023-05-16 16:02:14.313,1,82019B41,No Relay,10,156,2940
2023-05-16 16:02:19.330,1,82019B41,No Relay,12,168,2940
2023-05-16 16:02:22.080,1,82019B41,No Relay,13,156,2940
2023-05-16 16:02:25.862,1,8201A0FF,No Relay,8,150,3070
2023-05-16 16:02:27.112,1,82019CFB,No Relay,11,78,2665
2023-05-16 16:02:27.393,1,82019B41,No Relay,15,150,2940
2023-05-16 16:02:28.253,1,8201A0FF,No Relay,9,144,3070
2023-05-16 16:02:29.847,1,82019CFB,No Relay,12,141,2660
2023-05-16 16:02:30.238,1,82019B41,No Relay,16,159,2940
2023-05-16 16:02:30.801,1,8201A0FF,No Relay,10,144,3070
2023-05-16 16:02:32.739,1,82019B41,No Relay,17,159,2950
2023-05-16 16:02:33.567,1,8201A0FF,No Relay,11,159,3070
2023-05-16 16:02:35.301,1,82019B41,No Relay,18,162,2950
2023-05-16 16:02:36.020,1,8201A0FF,No Relay,12,153,3070
2023-05-16 16:02:37.942,1,82019B41,No Relay,19,156,2940
2023-05-16 16:02:40.802,1,82019B41,No Relay,20,159,2950
2023-05-16 16:02:43.506,1,82019B41,No Relay,21,147,2950
2023-05-16 16:02:46.365,1,82019B41,No Relay,22,141,2950
2023-05-16 16:02:49.084,1,82019B41,No Relay,23,159,2950
2023-05-16 16:02:51.929,1,82019B41,No Relay,24,147,2940
2023-05-16 16:02:57.007,1,82019B41,No Relay,26,159,2950
2023-05-16 16:03:01.758,1,82019CFB,No Relay,9,132,2765
2023-05-16 16:03:04.821,1,82019B41,No Relay,29,150,2950
2023-05-16 16:03:12.432,1,82019B41,No Relay,32,147,2950
2023-05-16 16:03:15.073,1,82019B41,No Relay,33,150,2950
2023-05-16 16:03:17.495,1,82019B41,No Relay,34,147,2950
2023-05-16 16:03:20.073,1,82019B41,No Relay,35,162,2950
2023-05-16 16:03:20.276,1,82019CFB,No Relay,16,123,2755
2023-05-16 16:03:21.995,1,8201A0FF,No Relay,30,126,3080
2023-05-16 16:03:22.746,1,82019B41,No Relay,36,132,2950
2023-05-16 16:03:25.183,1,82019CFB,No Relay,18,99,2750
2023-05-16 16:03:25.386,1,82019B41,No Relay,37,156,2950
2023-05-16 16:03:26.840,1,8201A0FF,No Relay,32,120,3080
2023-05-16 16:03:27.715,1,82019B41,No Relay,38,147,2950
2023-05-16 16:03:27.903,1,82019CFB,No Relay,19,123,2750
2023-05-16 16:03:29.684,1,8201A0FF,No Relay,33,60,3070
2023-05-16 16:03:30.325,1,82019B41,No Relay,39,171,2950
2023-05-16 16:03:32.278,1,8201A0FF,No Relay,34,153,3070
2023-05-16 16:03:32.825,1,82019B41,No Relay,40,168,2950
2023-05-16 16:03:35.451,1,82019CFB,No Relay,22,144,2745
2023-05-16 16:03:35.654,1,82019B41,No Relay,41,168,2950
2023-05-16 16:03:37.451,1,8201A0FF,No Relay,36,168,3080
2023-05-16 16:03:38.029,1,82019CFB,No Relay,23,141,2745
2023-05-16 16:03:38.217,1,82019B41,No Relay,42,168,2950
2023-05-16 16:03:40.186,1,8201A0FF,No Relay,37,168,3070
2023-05-16 16:03:40.420,1,82019CFB,No Relay,24,144,2750
2023-05-16 16:03:40.764,1,82019B41,No Relay,43,168,2950
2023-05-16 16:03:42.936,1,82019CFB,No Relay,25,141,2745
2023-05-16 16:03:43.139,1,8201A0FF,No Relay,38,171,3080
2023-05-16 16:03:43.358,1,82019B41,No Relay,44,168,2950
2023-05-16 16:03:45.593,1,8201A0FF,No Relay,39,168,3080
2023-05-16 16:03:45.796,1,82019CFB,No Relay,26,156,2750
2023-05-16 16:03:45.983,1,82019B41,No Relay,45,168,2950
2023-05-16 16:03:48.093,1,82019CFB,No Relay,27,153,2740
2023-05-16 16:03:48.296,1,8201A0FF,No Relay,40,174,3080
2023-05-16 16:03:48.500,1,82019B41,No Relay,46,219,2950
2023-05-16 16:03:50.765,1,8201A0FF,No Relay,41,159,3080
2023-05-16 16:03:50.953,1,82019CFB,No Relay,28,165,2745
2023-05-16 16:03:53.109,1,8201A0FF,No Relay,42,135,3070
2023-05-16 16:03:53.312,1,82019CFB,No Relay,29,156,2740
2023-05-16 16:03:55.844,1,82019B41,No Relay,49,192,2950
2023-05-16 16:03:56.063,1,82019CFB,No Relay,30,153,2745
2023-05-16 16:03:58.282,1,82019B41,No Relay,50,207,2950
2023-05-16 16:03:58.485,1,8201A0FF,No Relay,44,156,3070
2023-05-16 16:03:58.720,1,82019CFB,No Relay,31,171,2735
2023-05-16 16:04:00.954,1,82019B41,No Relay,51,183,2950
2023-05-16 16:04:01.423,1,82018DBB,No Relay,1,132,2930
2023-05-16 16:04:03.486,1,82019B41,No Relay,52,204,2950
2023-05-16 16:04:03.752,1,8201A0FF,No Relay,46,150,3080
2023-05-16 16:04:04.080,1,82018DBB,No Relay,2,174,2930
2023-05-16 16:04:04.283,1,82019CFB,No Relay,33,168,2740
2023-05-16 16:04:06.330,1,8201A0FF,No Relay,47,159,3070
2023-05-16 16:04:06.814,1,82018DBB,No Relay,3,177,2930
2023-05-16 16:04:07.111,1,82019CFB,No Relay,34,159,2735
2023-05-16 16:04:08.659,1,82019B41,No Relay,54,192,2950
2023-05-16 16:04:08.846,1,8201A0FF,No Relay,48,162,3070
2023-05-16 16:04:09.393,1,82018DBB,No Relay,4,177,2940
2023-05-16 16:04:09.815,1,82019CFB,No Relay,35,159,2735
2023-05-16 16:04:11.425,1,82019C9E,No Relay,1,147,2765
2023-05-16 16:04:11.628,1,82019B41,No Relay,55,198,2950
2023-05-16 16:04:11.815,1,8201A0FF,No Relay,49,171,3070
2023-05-16 16:04:12.128,1,82018DBB,No Relay,5,174,2940
2023-05-16 16:04:12.612,1,82019CFB,No Relay,36,126,2740
2023-05-16 16:04:14.019,1,82019B41,No Relay,56,192,2950
2023-05-16 16:04:14.222,1,82019C9E,No Relay,2,153,2840
2023-05-16 16:04:14.409,1,8201A0FF,No Relay,50,168,3070
2023-05-16 16:04:14.988,1,82018DBB,No Relay,6,177,2940
2023-05-16 16:04:16.691,1,82019C9E,No Relay,3,168,2870
2023-05-16 16:04:16.878,1,8201A0FF,No Relay,51,168,3080
2023-05-16 16:04:17.082,1,82019B41,No Relay,57,195,2950
2023-05-16 16:04:17.378,1,82018DBB,No Relay,7,177,2940
2023-05-16 16:04:18.113,1,82019CFB,No Relay,38,159,2730
2023-05-16 16:04:19.254,1,8201A0FF,No Relay,52,156,3080
2023-05-16 16:04:20.567,1,82019CFB,No Relay,39,159,2735
2023-05-16 16:04:21.786,1,82019C9E,No Relay,5,222,2910
2023-05-16 16:04:21.989,1,82019B41,No Relay,59,195,2950
2023-05-16 16:04:22.473,1,82018DBB,No Relay,9,180,2960
2023-05-16 16:04:25.817,1,82019CFB,No Relay,41,156,2735
2023-05-16 16:04:26.942,1,8201A0FF,No Relay,55,126,3070
2023-05-16 16:04:27.130,1,82019B41,No Relay,61,195,2950
2023-05-16 16:04:27.583,1,82018DBB,No Relay,11,177,2960
2023-05-16 16:04:28.443,1,82019CFB,No Relay,42,150,2730
2023-05-16 16:04:29.271,1,8201A0FF,No Relay,56,123,3080
2023-05-16 16:04:29.755,1,82019C9E,No Relay,8,228,2930
2023-05-16 16:04:29.959,1,82019B41,No Relay,62,192,2950
2023-05-16 16:04:32.709,1,82019B41,No Relay,63,198,2950
2023-05-16 16:04:32.896,1,82018DBB,No Relay,13,177,2940
2023-05-16 16:04:33.365,1,82019CFB,No Relay,44,168,2730
2023-05-16 16:04:35.303,1,82019B41,No Relay,64,186,2950
2023-05-16 16:04:35.506,1,82018DBB,No Relay,14,177,2930
2023-05-16 16:04:36.162,1,82019CFB,No Relay,45,150,2730
2023-05-16 16:04:37.647,1,82019C9E,No Relay,11,150,2950
2023-05-16 16:04:37.835,1,82019B41,No Relay,65,177,2950
2023-05-16 16:04:38.241,1,82018DBB,No Relay,15,168,2940
2023-05-16 16:04:38.913,1,82019CFB,No Relay,46,198,2730
2023-05-16 16:04:40.054,1,8201A0FF,No Relay,2,186,3080
2023-05-16 16:04:40.507,1,82019C9E,No Relay,12,162,2950
2023-05-16 16:04:40.710,1,82018DBB,No Relay,16,183,2950
2023-05-16 16:04:40.913,1,82019B41,No Relay,66,183,2950
2023-05-16 16:04:42.804,1,8201A0FF,No Relay,3,156,3080
2023-05-16 16:04:43.429,1,82018DBB,No Relay,17,147,2940
2023-05-16 16:04:44.086,1,82019CFB,No Relay,48,135,2730
2023-05-16 16:04:45.987,1,82019C9E,No Relay,14,132,2960
2023-05-16 16:04:46.206,1,82019B41,No Relay,68,168,2950
2023-05-16 16:04:46.830,1,82019CFB,No Relay,49,129,2730
2023-05-16 16:04:48.065,1,8201A0FF,No Relay,5,159,3080
2023-05-16 16:04:48.612,1,82019C9E,No Relay,15,159,2960
2023-05-16 16:04:48.799,1,82019B41,No Relay,69,171,2950
2023-05-16 16:04:49.315,1,82019CFB,No Relay,50,126,2730
2023-05-16 16:04:50.675,1,8201A0FF,No Relay,6,141,3080
2023-05-16 16:04:51.409,1,82019C9E,No Relay,16,168,2960
2023-05-16 16:04:52.112,1,82019CFB,No Relay,51,144,2730
2023-05-16 16:04:53.019,1,8201A0FF,No Relay,7,132,3080
2023-05-16 16:04:53.863,1,82019B41,No Relay,71,171,2950
2023-05-16 16:04:54.144,1,82018DBB,No Relay,21,138,2960
2023-05-16 16:04:54.331,1,82019C9E,No Relay,17,168,2970
2023-05-16 16:04:54.863,1,82019CFB,No Relay,52,138,2730
2023-05-16 16:04:55.535,1,8201A0FF,No Relay,8,120,3080
2023-05-16 16:04:56.441,1,82019B41,No Relay,72,168,2950
2023-05-16 16:04:56.676,1,82019C9E,No Relay,18,168,2970
2023-05-16 16:04:57.692,1,82019CFB,No Relay,53,135,2725
2023-05-16 16:04:59.238,1,82019C9E,No Relay,19,168,2970
2023-05-16 16:04:59.629,1,82018DBB,No Relay,23,132,2950
2023-05-16 16:05:00.754,1,8201A0FF,No Relay,10,111,3080
2023-05-16 16:05:02.083,1,82018DBB,No Relay,24,132,2950
2023-05-16 16:05:03.489,1,8201A0FF,No Relay,11,120,3080
2023-05-16 16:05:04.521,1,82019B41,No Relay,75,168,2950
2023-05-16 16:05:04.708,1,82018DBB,No Relay,25,132,2950
2023-05-16 16:05:04.911,1,82019C9E,No Relay,21,168,2970
2023-05-16 16:05:05.537,1,82019CFB,No Relay,56,141,2725
2023-05-16 16:05:06.083,1,8201A0FF,No Relay,12,123,3080
2023-05-16 16:05:07.506,1,82018DBB,No Relay,26,126,2950
2023-05-16 16:05:08.865,1,8201A0FF,No Relay,13,117,3080
2023-05-16 16:05:09.943,1,82019C9E,No Relay,23,168,2970
2023-05-16 16:05:10.131,1,82018DBB,No Relay,27,150,2940
2023-05-16 16:05:10.756,1,82019CFB,No Relay,58,147,2725
2023-05-16 16:05:11.522,1,8201A0FF,No Relay,14,132,3080
2023-05-16 16:05:12.443,1,82018DBB,No Relay,28,141,2950
2023-05-16 16:05:12.647,1,82019C9E,No Relay,24,168,2970
2023-05-16 16:05:13.397,1,82019CFB,No Relay,59,153,2725
2023-05-16 16:05:13.881,1,8201A0FF,No Relay,15,111,3080
2023-05-16 16:05:15.100,1,82018DBB,No Relay,29,141,2950
2023-05-16 16:05:15.288,1,82019B41,No Relay,79,171,2950
2023-05-16 16:05:15.491,1,82019C9E,No Relay,25,159,2980
2023-05-16 16:05:15.866,1,82019CFB,No Relay,60,114,2720
2023-05-16 16:05:16.569,1,8201A0FF,No Relay,16,141,3080
2023-05-16 16:05:17.554,1,82018DBB,No Relay,30,150,2950
2023-05-16 16:05:17.741,1,82019B41,No Relay,80,186,2950
2023-05-16 16:05:17.944,1,82019C9E,No Relay,26,162,2980
2023-05-16 16:05:18.632,1,82019CFB,No Relay,61,141,2725
2023-05-16 16:05:19.335,1,8201A0FF,No Relay,17,156,3070
2023-05-16 16:05:20.257,1,82018DBB,No Relay,31,141,2950
2023-05-16 16:05:20.507,1,82019B41,No Relay,81,180,2950
2023-05-16 16:05:20.711,1,82019C9E,No Relay,27,159,2980
2023-05-16 16:05:21.320,1,82019CFB,No Relay,62,144,2725
2023-05-16 16:05:22.023,1,8201A0FF,No Relay,18,153,3080
2023-05-16 16:05:22.961,1,82018DBB,No Relay,32,147,2950
2023-05-16 16:05:23.179,1,82019C9E,No Relay,28,162,2980
2023-05-16 16:05:23.961,1,82019CFB,No Relay,63,162,2720
2023-05-16 16:05:24.461,1,8201A0FF,No Relay,19,153,3080
2023-05-16 16:05:25.445,1,82018DBB,No Relay,33,168,2940
2023-05-16 16:05:25.633,1,82019C9E,No Relay,29,147,2980
2023-05-16 16:05:26.602,1,82019CFB,No Relay,64,171,2725
2023-05-16 16:05:27.227,1,8201A0FF,No Relay,20,168,3080
2023-05-16 16:05:28.102,1,82019C9E,No Relay,30,126,2980
2023-05-16 16:05:28.290,1,82018DBB,No Relay,34,168,2960
2023-05-16 16:05:28.603,1,82019B41,No Relay,84,183,2950
2023-05-16 16:05:29.352,1,82019CFB,No Relay,65,159,2715
2023-05-16 16:05:31.150,1,82019B41,No Relay,85,183,2950
2023-05-16 16:05:32.134,1,82019CFB,No Relay,66,123,2720
2023-05-16 16:05:32.431,1,8201A0FF,No Relay,22,138,3070
2023-05-16 16:05:33.259,1,82019C9E,No Relay,32,162,2980
2023-05-16 16:05:33.822,1,82018DBB,No Relay,36,162,2950
2023-05-16 16:05:34.026,1,82019B41,No Relay,86,180,2950
2023-05-16 16:05:34.698,1,82019CFB,No Relay,67,153,2725
2023-05-16 16:05:35.260,1,8201A0FF,No Relay,23,156,3070
2023-05-16 16:05:36.088,1,82019C9E,No Relay,33,150,2980
2023-05-16 16:05:36.495,1,82018DBB,No Relay,37,162,2950
2023-05-16 16:05:36.682,1,82019B41,No Relay,87,183,2950
2023-05-16 16:05:37.135,1,82019CFB,No Relay,68,138,2720
2023-05-16 16:05:38.604,1,82019C9E,No Relay,34,132,2980
2023-05-16 16:05:39.057,1,82019B41,No Relay,88,192,2950
2023-05-16 16:05:39.292,1,82018DBB,No Relay,38,165,2950
2023-05-16 16:05:41.105,1,82019C9E,No Relay,35,135,2980
2023-05-16 16:05:41.495,1,82019B41,No Relay,89,183,2950
2023-05-16 16:05:42.699,1,8201A0FF,No Relay,26,150,3070
2023-05-16 16:05:43.543,1,82019C9E,No Relay,36,144,2980
2023-05-16 16:05:44.152,1,82019B41,No Relay,90,177,2950
2023-05-16 16:05:44.746,1,82018DBB,No Relay,40,156,2960
2023-05-16 16:05:45.105,1,82019CFB,No Relay,71,156,2715
2023-05-16 16:05:45.293,1,8201A0FF,No Relay,27,144,3070
2023-05-16 16:05:46.386,1,82019C9E,No Relay,37,147,2980
2023-05-16 16:05:46.590,1,82019B41,No Relay,91,177,2950
2023-05-16 16:05:47.199,1,82018DBB,No Relay,41,153,2940
2023-05-16 16:05:47.731,1,82019CFB,No Relay,72,150,2720
2023-05-16 16:05:49.012,1,82019C9E,No Relay,38,147,2980
2023-05-16 16:05:49.215,1,82019B41,No Relay,92,183,2950
2023-05-16 16:05:49.872,1,82018DBB,No Relay,42,153,2950
2023-05-16 16:05:50.403,1,8201A0FF,No Relay,29,153,3070
2023-05-16 16:05:51.747,1,82019C9E,No Relay,39,141,2980
2023-05-16 16:05:51.950,1,82019B41,No Relay,93,183,2950
2023-05-16 16:05:52.450,1,82018DBB,No Relay,43,153,2950
2023-05-16 16:05:52.669,1,82019CFB,No Relay,74,150,2720
2023-05-16 16:05:53.122,1,8201A0FF,No Relay,30,150,3080
2023-05-16 16:05:54.560,1,82019B41,No Relay,94,180,2960
2023-05-16 16:05:54.763,1,82019C9E,No Relay,40,153,2980
2023-05-16 16:05:55.294,1,82019CFB,No Relay,75,150,2720
2023-05-16 16:05:55.763,1,8201A0FF,No Relay,31,153,3070
2023-05-16 16:05:57.263,1,82019B41,No Relay,95,183,2950
2023-05-16 16:05:57.482,1,82018DBB,No Relay,45,162,2960
2023-05-16 16:05:58.498,1,8201A0FF,No Relay,32,153,3080
2023-05-16 16:06:00.045,1,82019B41,No Relay,96,183,2950
2023-05-16 16:06:00.248,1,82018DBB,No Relay,46,159,2950
2023-05-16 16:06:00.858,1,8201A0FF,No Relay,33,141,3070
2023-05-16 16:06:02.514,1,82019B41,No Relay,97,171,2950
2023-05-16 16:06:02.811,1,82019CFB,No Relay,78,156,2720
2023-05-16 16:06:03.014,1,82018DBB,No Relay,47,168,2950
2023-05-16 16:06:03.452,1,8201A0FF,No Relay,34,147,3080
2023-05-16 16:06:04.843,1,82019C9E,No Relay,44,156,2980
2023-05-16 16:06:05.280,1,82019CFB,No Relay,79,138,2715
2023-05-16 16:06:05.483,1,82018DBB,No Relay,48,159,2950
2023-05-16 16:06:06.124,1,8201A0FF,No Relay,35,147,3070
2023-05-16 16:06:07.640,1,82019CFB,No Relay,80,156,2705
2023-05-16 16:06:07.874,1,82018DBB,No Relay,49,162,2940
2023-05-16 16:06:08.093,1,82019B41,No Relay,99,183,2950
2023-05-16 16:06:08.859,1,8201A0FF,No Relay,36,150,3070
2023-05-16 16:06:10.312,1,82018DBB,No Relay,50,156,2950
2023-05-16 16:06:10.500,1,82019B41,No Relay,100,177,2950
2023-05-16 16:06:11.453,1,8201A0FF,No Relay,37,147,3070
2023-05-16 16:06:12.969,1,82019CFB,No Relay,82,156,2715
2023-05-16 16:06:13.188,1,82019B41,No Relay,101,177,2950
2023-05-16 16:06:15.235,1,82019C9E,No Relay,48,147,2990
2023-05-16 16:06:15.501,1,82018DBB,No Relay,52,159,2960
2023-05-16 16:06:15.813,1,82019B41,No Relay,102,180,2950
2023-05-16 16:06:17.610,1,82019C9E,No Relay,49,159,2980
2023-05-16 16:06:18.079,1,82018DBB,No Relay,53,156,2950
2023-05-16 16:06:18.454,1,82019CFB,No Relay,84,147,2715
2023-05-16 16:06:18.782,1,8201A0FF,No Relay,40,144,3070
2023-05-16 16:06:20.439,1,82019C9E,No Relay,50,150,2990
2023-05-16 16:06:20.986,1,82019B41,No Relay,104,177,2950
2023-05-16 16:06:21.174,1,82019CFB,No Relay,85,144,2715
2023-05-16 16:06:23.268,1,82019C9E,No Relay,51,147,2980
2023-05-16 16:06:23.534,1,82019CFB,No Relay,86,144,2720
2023-05-16 16:06:23.721,1,82018DBB,No Relay,55,156,2950
2023-05-16 16:06:23.909,1,82019B41,No Relay,105,171,2950
2023-05-16 16:06:25.722,1,82019C9E,No Relay,52,147,2980
2023-05-16 16:06:26.081,1,82018DBB,No Relay,56,168,2950
2023-05-16 16:06:26.300,1,82019CFB,No Relay,87,168,2710
2023-05-16 16:06:26.488,1,82019B41,No Relay,106,177,2950
2023-05-16 16:06:28.347,1,82019C9E,No Relay,53,141,2980
2023-05-16 16:06:28.832,1,82018DBB,No Relay,57,156,2940
2023-05-16 16:06:29.066,1,82019B41,No Relay,107,177,2950
2023-05-16 16:06:29.285,1,8201A0FF,No Relay,44,108,3070
2023-05-16 16:06:31.504,1,82018DBB,No Relay,58,159,2950
2023-05-16 16:06:31.707,1,82019CFB,No Relay,89,162,2715
2023-05-16 16:06:32.066,1,8201A0FF,No Relay,45,99,3070
2023-05-16 16:06:34.113,1,82019CFB,No Relay,90,159,2715
2023-05-16 16:06:34.879,1,8201A0FF,No Relay,46,93,3070
2023-05-16 16:06:36.301,1,82019C9E,No Relay,56,141,2990
2023-05-16 16:06:36.708,1,82018DBB,No Relay,60,159,2960
2023-05-16 16:06:36.911,1,82019CFB,No Relay,91,162,2715
2023-05-16 16:06:37.677,1,8201A0FF,No Relay,47,132,3070
2023-05-16 16:06:38.755,1,82019C9E,No Relay,57,138,2980
2023-05-16 16:06:39.489,1,82018DBB,No Relay,61,162,2950
2023-05-16 16:06:41.833,1,82019CFB,No Relay,93,168,2715
2023-05-16 16:06:42.302,1,82018DBB,No Relay,62,162,2950
2023-05-16 16:06:42.506,1,82019B41,No Relay,112,174,2940
2023-05-16 16:06:42.724,1,8201A0FF,No Relay,49,96,3070
2023-05-16 16:06:43.834,1,82019C9E,No Relay,59,141,2990
2023-05-16 16:06:44.193,1,82019CFB,No Relay,94,159,2715
2023-05-16 16:06:44.865,1,82018DBB,No Relay,63,162,2950
2023-05-16 16:06:45.084,1,82019B41,No Relay,113,180,2950
2023-05-16 16:06:45.271,1,8201A0FF,No Relay,50,132,3070
2023-05-16 16:06:46.678,1,82019C9E,No Relay,60,135,2980
2023-05-16 16:06:46.881,1,82019CFB,No Relay,95,168,2715
2023-05-16 16:06:47.428,1,82018DBB,No Relay,64,168,2950
2023-05-16 16:06:47.662,1,8201A0FF,No Relay,51,147,3070
2023-05-16 16:06:49.272,1,82019C9E,No Relay,61,141,2980
2023-05-16 16:06:49.475,1,82019CFB,No Relay,96,165,2715
2023-05-16 16:06:49.850,1,82018DBB,No Relay,65,168,2950
2023-05-16 16:06:50.085,1,8201A0FF,No Relay,52,144,3070
2023-05-16 16:06:50.381,1,82019B41,No Relay,115,183,2950
2023-05-16 16:06:51.835,1,82019C9E,No Relay,62,138,2980
2023-05-16 16:06:52.710,1,8201A0FF,No Relay,53,132,3070
2023-05-16 16:06:52.991,1,82019B41,No Relay,116,180,2950
2023-05-16 16:06:54.444,1,82019CFB,No Relay,98,168,2715
2023-05-16 16:06:54.648,1,82019C9E,No Relay,63,144,2980
2023-05-16 16:06:55.492,1,8201A0FF,No Relay,54,135,3070
2023-05-16 16:06:57.148,1,82019C9E,No Relay,64,147,2980
2023-05-16 16:06:57.336,1,82019CFB,No Relay,99,168,2715
2023-05-16 16:06:57.711,1,82018DBB,No Relay,68,168,2960
2023-05-16 16:06:57.961,1,8201A0FF,No Relay,55,132,3070
2023-05-16 16:06:58.352,1,82019B41,No Relay,118,180,2950
2023-05-16 16:06:59.836,1,82019C9E,No Relay,65,153,2980
2023-05-16 16:07:00.039,1,82019CFB,No Relay,100,168,2710
2023-05-16 16:07:00.414,1,82018DBB,No Relay,69,168,2950
2023-05-16 16:07:00.805,1,8201A0FF,No Relay,56,102,3070
2023-05-16 16:07:01.008,1,82019B41,No Relay,119,183,2950
2023-05-16 16:07:02.446,1,82019CFB,No Relay,101,165,2715
2023-05-16 16:07:02.884,1,82018DBB,No Relay,70,162,2950
2023-05-16 16:07:03.509,1,8201A0FF,No Relay,57,117,3070
2023-05-16 16:07:03.697,1,82019B41,No Relay,120,183,2950
2023-05-16 16:07:05.009,1,82019C9E,No Relay,67,147,2980
2023-05-16 16:07:05.212,1,82019CFB,No Relay,102,168,2715
2023-05-16 16:07:06.337,1,8201A0FF,No Relay,58,132,3070
2023-05-16 16:07:06.541,1,82019B41,No Relay,121,183,2950
2023-05-16 16:07:07.494,1,82019CFB,No Relay,103,168,2715
2023-05-16 16:07:07.697,1,82019C9E,No Relay,68,141,2980
2023-05-16 16:07:08.791,1,82019B41,No Relay,122,186,2950
2023-05-16 16:07:09.870,1,82019CFB,No Relay,104,168,2715
2023-05-16 16:07:10.245,1,82019C9E,No Relay,69,141,2980
2023-05-16 16:07:10.526,1,82018DBB,No Relay,73,168,2950
2023-05-16 16:07:11.542,1,82019B41,No Relay,123,186,2950
2023-05-16 16:07:11.823,1,8201A0FF,No Relay,60,123,3070
2023-05-16 16:07:12.964,1,82019C9E,No Relay,70,138,2980
2023-05-16 16:07:13.167,1,82018DBB,No Relay,74,171,2950
2023-05-16 16:07:14.589,1,8201A0FF,No Relay,61,141,3070
2023-05-16 16:07:15.136,1,82019CFB,No Relay,106,168,2715
2023-05-16 16:07:15.480,1,82018DBB,No Relay,75,168,2950
2023-05-16 16:07:15.714,1,82019C9E,No Relay,71,138,2980
2023-05-16 16:07:16.777,1,82019B41,No Relay,125,183,2950
2023-05-16 16:07:18.230,1,82018DBB,No Relay,76,168,2950
2023-05-16 16:07:18.496,1,82019C9E,No Relay,72,138,2980
2023-05-16 16:07:19.777,1,8201A0FF,No Relay,63,138,3070
2023-05-16 16:07:20.371,1,82019CFB,No Relay,108,162,2715
2023-05-16 16:07:22.387,1,82019B41,No Relay,127,186,2950
2023-05-16 16:07:22.575,1,8201A0FF,No Relay,64,141,3070
2023-05-16 16:07:23.059,1,82018DBB,No Relay,78,168,2950
2023-05-16 16:07:23.262,1,82019CFB,No Relay,109,162,2715
2023-05-16 16:07:23.465,1,82019C9E,No Relay,74,141,2980
2023-05-16 16:07:24.966,1,8201A0FF,No Relay,65,117,3080
2023-05-16 16:07:25.497,1,82018DBB,No Relay,79,165,2960
2023-05-16 16:07:26.044,1,82019CFB,No Relay,110,162,2710
2023-05-16 16:07:27.685,1,8201A0FF,No Relay,66,135,3070
2023-05-16 16:07:28.153,1,82018DBB,No Relay,80,168,2950
2023-05-16 16:07:28.701,1,82019C9E,No Relay,76,147,2980
2023-05-16 16:07:28.888,1,82019CFB,No Relay,111,168,2715
2023-05-16 16:07:30.466,1,8201A0FF,No Relay,67,138,3080
2023-05-16 16:07:30.670,1,82019B41,No Relay,130,183,2950
2023-05-16 16:07:30.904,1,82018DBB,No Relay,81,168,2950
2023-05-16 16:07:31.294,1,82019C9E,No Relay,77,138,2980
2023-05-16 16:07:31.483,1,82019CFB,No Relay,112,162,2715
2023-05-16 16:07:33.014,1,82019B41,No Relay,131,186,2950
2023-05-16 16:07:33.686,1,82019C9E,No Relay,78,141,2980
2023-05-16 16:07:33.873,1,82019CFB,No Relay,113,162,2715
2023-05-16 16:07:34.092,1,82018DBB,No Relay,82,168,2940
2023-05-16 16:07:35.530,1,82019B41,No Relay,132,186,2950
2023-05-16 16:07:36.092,1,8201A0FF,No Relay,69,135,3070
2023-05-16 16:07:36.295,1,82018DBB,No Relay,83,168,2950
2023-05-16 16:07:36.483,1,82019CFB,No Relay,114,162,2715
2023-05-16 16:07:38.202,1,82019B41,No Relay,133,186,2950
2023-05-16 16:07:38.733,1,82018DBB,No Relay,84,168,2950
2023-05-16 16:07:38.952,1,8201A0FF,No Relay,70,132,3070
2023-05-16 16:07:39.140,1,82019CFB,No Relay,115,162,2715
2023-05-16 16:07:40.874,1,82019B41,No Relay,134,186,2950
2023-05-16 16:07:41.312,1,8201A0FF,No Relay,71,138,3070
2023-05-16 16:07:41.500,1,82018DBB,No Relay,85,168,2960
2023-05-16 16:07:43.937,1,82019CFB,No Relay,117,168,2705
2023-05-16 16:07:44.125,1,8201A0FF,No Relay,72,123,3070
2023-05-16 16:07:44.328,1,82018DBB,No Relay,86,162,2950
2023-05-16 16:07:44.516,1,82019C9E,No Relay,82,147,2990
2023-05-16 16:07:46.375,1,82019B41,No Relay,136,183,2950
2023-05-16 16:07:46.688,1,8201A0FF,No Relay,73,123,3070
2023-05-16 16:07:46.875,1,82018DBB,No Relay,87,168,2940
2023-05-16 16:07:47.172,1,82019C9E,No Relay,83,141,2980
2023-05-16 16:07:49.079,1,82019CFB,No Relay,119,162,2710
2023-05-16 16:07:49.282,1,8201A0FF,No Relay,74,129,3070
2023-05-16 16:07:49.485,1,82018DBB,No Relay,88,171,2940
2023-05-16 16:07:51.782,1,82019CFB,No Relay,120,162,2705
2023-05-16 16:07:51.985,1,82019B41,No Relay,138,183,2950
2023-05-16 16:07:53.970,1,8201A0FF,No Relay,76,120,3070
2023-05-16 16:07:54.173,1,82018DBB,No Relay,90,168,2960
2023-05-16 16:07:54.392,1,82019CFB,No Relay,121,162,2705
2023-05-16 16:07:54.720,1,82019B41,No Relay,139,186,2950
2023-05-16 16:07:56.517,1,8201A0FF,No Relay,77,120,3070
2023-05-16 16:07:57.127,1,82019CFB,No Relay,122,162,2710
2023-05-16 16:07:57.361,1,82019B41,No Relay,140,186,2950
2023-05-16 16:07:57.549,1,82019C9E,No Relay,87,147,2990
2023-05-16 16:07:58.971,1,8201A0FF,No Relay,78,135,3070
2023-05-16 16:07:59.487,1,82018DBB,No Relay,92,168,2960
2023-05-16 16:07:59.674,1,82019CFB,No Relay,123,168,2705
2023-05-16 16:07:59.877,1,82019B41,No Relay,141,186,2950
2023-05-16 16:08:00.205,1,82019C9E,No Relay,88,147,2980
2023-05-16 16:08:01.549,1,8201A0FF,No Relay,79,129,3070
2023-05-16 16:08:02.143,1,82018DBB,No Relay,93,168,2940
2023-05-16 16:08:02.581,1,82019B41,No Relay,142,186,2950
2023-05-16 16:08:03.018,1,82019C9E,No Relay,89,147,2980
2023-05-16 16:08:04.690,1,82018DBB,No Relay,94,168,2950
2023-05-16 16:08:04.893,1,82019CFB,No Relay,125,165,2710
2023-05-16 16:08:05.128,1,82019B41,No Relay,143,183,2950
2023-05-16 16:08:05.550,1,82019C9E,No Relay,90,147,2980
2023-05-16 16:08:07.206,1,82018DBB,No Relay,95,168,2940
2023-05-16 16:08:07.394,1,82019CFB,No Relay,126,168,2710
2023-05-16 16:08:07.597,1,82019B41,No Relay,144,183,2940
2023-05-16 16:08:07.941,1,82019C9E,No Relay,91,147,2980
2023-05-16 16:08:09.597,1,82018DBB,No Relay,96,168,2950
2023-05-16 16:08:09.801,1,8201A0FF,No Relay,82,132,3070
2023-05-16 16:08:12.004,1,8201A0FF,No Relay,83,132,3070
2023-05-16 16:08:12.645,1,82019B41,No Relay,146,186,2950
2023-05-16 16:08:13.410,1,82019C9E,No Relay,93,150,2980
2023-05-16 16:08:14.723,1,8201A0FF,No Relay,84,132,3070
2023-05-16 16:08:14.926,1,82018DBB,No Relay,98,168,2940
2023-05-16 16:08:15.114,1,82019CFB,No Relay,129,162,2705
2023-05-16 16:08:15.442,1,82019B41,No Relay,147,186,2950
2023-05-16 16:08:17.317,1,82019CFB,No Relay,130,162,2700
2023-05-16 16:08:17.536,1,82018DBB,No Relay,99,168,2950
2023-05-16 16:08:17.724,1,8201A0FF,No Relay,85,132,3070
2023-05-16 16:08:19.708,1,82019CFB,No Relay,131,162,2710
2023-05-16 16:08:19.989,1,82018DBB,No Relay,100,168,2940
2023-05-16 16:08:20.677,1,82019B41,No Relay,149,183,2950
2023-05-16 16:08:22.099,1,82019CFB,No Relay,132,162,2705
2023-05-16 16:08:22.709,1,82018DBB,No Relay,101,168,2940
2023-05-16 16:08:23.068,1,82019B41,No Relay,150,186,2950
2023-05-16 16:08:24.224,1,82019C9E,No Relay,97,150,2990
2023-05-16 16:08:24.490,1,82019CFB,No Relay,133,162,2705
2023-05-16 16:08:25.615,1,8201A0FF,No Relay,88,132,3070
2023-05-16 16:08:25.897,1,82019B41,No Relay,151,186,2950
2023-05-16 16:08:27.350,1,82019CFB,No Relay,134,168,2705
2023-05-16 16:08:28.069,1,82018DBB,No Relay,103,168,2960
2023-05-16 16:08:28.287,1,8201A0FF,No Relay,89,135,3070
2023-05-16 16:08:29.725,1,82019CFB,No Relay,135,162,2705
2023-05-16 16:08:30.538,1,82018DBB,No Relay,104,168,2940
2023-05-16 16:08:30.960,1,8201A0FF,No Relay,90,132,3070
2023-05-16 16:08:31.428,1,82019B41,No Relay,153,186,2950
2023-05-16 16:08:32.554,1,82019CFB,No Relay,136,162,2710
2023-05-16 16:08:33.601,1,8201A0FF,No Relay,91,135,3070
2023-05-16 16:08:34.273,1,82019B41,No Relay,154,186,2950
2023-05-16 16:08:34.773,1,82019C9E,No Relay,101,150,2990
2023-05-16 16:08:34.992,1,82019CFB,No Relay,137,162,2705
2023-05-16 16:08:35.867,1,82018DBB,No Relay,106,168,2960
2023-05-16 16:08:37.148,1,82019B41,No Relay,155,186,2950
2023-05-16 16:08:37.492,1,82019CFB,No Relay,138,162,2705
2023-05-16 16:08:38.617,1,82018DBB,No Relay,107,168,2950
2023-05-16 16:08:40.102,1,82019CFB,No Relay,139,168,2705
2023-05-16 16:08:41.242,1,8201A0FF,No Relay,94,132,3070
2023-05-16 16:08:41.430,1,82018DBB,No Relay,108,168,2950
2023-05-16 16:08:42.274,1,82019B41,No Relay,157,186,2950
2023-05-16 16:08:42.587,1,82019CFB,No Relay,140,162,2700
2023-05-16 16:08:43.852,1,82018DBB,No Relay,109,168,2940
2023-05-16 16:08:45.212,1,82019CFB,No Relay,141,171,2700
2023-05-16 16:08:45.415,1,82019C9E,No Relay,105,159,2980
2023-05-16 16:08:47.353,1,82019B41,No Relay,159,171,2950
2023-05-16 16:08:47.869,1,82019C9E,No Relay,106,159,2980
2023-05-16 16:08:48.931,1,8201A0FF,No Relay,97,144,3070
2023-05-16 16:08:49.369,1,82018DBB,No Relay,111,156,2960
2023-05-16 16:08:50.056,1,82019B41,No Relay,160,174,2950
2023-05-16 16:08:50.478,1,82019CFB,No Relay,143,162,2705
2023-05-16 16:08:50.682,1,82019C9E,No Relay,107,162,2980
2023-05-16 16:08:51.666,1,8201A0FF,No Relay,98,141,3070
2023-05-16 16:08:52.166,1,82018DBB,No Relay,112,156,2950
2023-05-16 16:08:52.682,1,82019B41,No Relay,161,171,2950
2023-05-16 16:08:53.010,1,82019C9E,No Relay,108,162,2980
2023-05-16 16:08:53.229,1,82019CFB,No Relay,144,168,2705
2023-05-16 16:08:54.119,1,8201A0FF,No Relay,99,141,3070
2023-05-16 16:08:55.714,1,82019CFB,No Relay,145,168,2705
2023-05-16 16:08:57.448,1,82018DBB,No Relay,114,156,2960
2023-05-16 16:08:58.214,1,82019CFB,No Relay,146,168,2700
2023-05-16 16:08:58.417,1,82019B41,No Relay,163,174,2950
2023-05-16 16:08:58.605,1,82019C9E,No Relay,110,162,2990
2023-05-16 16:09:00.667,1,82019CFB,No Relay,147,159,2705
2023-05-16 16:09:01.324,1,82019C9E,No Relay,111,162,2980
2023-05-16 16:09:02.043,1,8201A0FF,No Relay,102,132,3070
2023-05-16 16:09:03.246,1,82019CFB,No Relay,148,168,2700
2023-05-16 16:09:03.762,1,82019B41,No Relay,165,171,2950
2023-05-16 16:09:04.168,1,82019C9E,No Relay,112,156,2980
2023-05-16 16:09:05.121,1,82018DBB,No Relay,117,159,2960
2023-05-16 16:09:06.262,1,82019B41,No Relay,166,171,2950
2023-05-16 16:09:07.324,1,8201A0FF,No Relay,104,120,3070
2023-05-16 16:09:07.684,1,82018DBB,No Relay,118,168,2940
2023-05-16 16:09:08.246,1,82019CFB,No Relay,150,171,2705
2023-05-16 16:09:08.762,1,82019B41,No Relay,167,183,2950
2023-05-16 16:09:09.825,1,8201A0FF,No Relay,105,132,3070
2023-05-16 16:09:10.481,1,82018DBB,No Relay,119,168,2940
2023-05-16 16:09:11.044,1,82019CFB,No Relay,151,168,2700
2023-05-16 16:09:11.247,1,82019B41,No Relay,168,183,2950
2023-05-16 16:09:11.622,1,82019C9E,No Relay,115,138,2990
2023-05-16 16:09:12.622,1,8201A0FF,No Relay,106,126,3070
2023-05-16 16:09:13.419,1,82019CFB,No Relay,152,171,2705
2023-05-16 16:09:14.060,1,82019B41,No Relay,169,183,2950
2023-05-16 16:09:14.435,1,82019C9E,No Relay,116,141,2980
2023-05-16 16:09:15.123,1,8201A0FF,No Relay,107,132,3070
2023-05-16 16:09:15.920,1,82018DBB,No Relay,121,168,2960
2023-05-16 16:09:16.857,1,82019B41,No Relay,170,183,2950
2023-05-16 16:09:17.529,1,8201A0FF,No Relay,108,132,3070
2023-05-16 16:09:18.373,1,82019CFB,No Relay,154,168,2705
2023-05-16 16:09:18.732,1,82018DBB,No Relay,122,168,2950
2023-05-16 16:09:19.967,1,82019C9E,No Relay,118,138,2990
2023-05-16 16:09:20.186,1,8201A0FF,No Relay,109,132,3070
2023-05-16 16:09:21.045,1,82019CFB,No Relay,155,171,2700
2023-05-16 16:09:21.248,1,82018DBB,No Relay,123,168,2950
2023-05-16 16:09:21.827,1,82019B41,No Relay,172,183,2950
2023-05-16 16:09:22.342,1,82019C9E,No Relay,119,138,2980
2023-05-16 16:09:22.624,1,8201A0FF,No Relay,110,129,3070
2023-05-16 16:09:24.327,1,82019B41,No Relay,173,183,2950
2023-05-16 16:09:25.046,1,8201A0FF,No Relay,111,129,3070
2023-05-16 16:09:25.249,1,82019C9E,No Relay,120,138,2980
2023-05-16 16:09:26.515,1,82018DBB,No Relay,125,168,2960
2023-05-16 16:09:26.749,1,82019B41,No Relay,174,183,2950
2023-05-16 16:09:27.702,1,8201A0FF,No Relay,112,132,3070
2023-05-16 16:09:29.124,1,82019CFB,No Relay,158,168,2705
2023-05-16 16:09:29.609,1,82019B41,No Relay,175,183,2950
2023-05-16 16:09:30.468,1,8201A0FF,No Relay,113,132,3070
2023-05-16 16:09:30.672,1,82019C9E,No Relay,122,141,2980
2023-05-16 16:09:31.766,1,82018DBB,No Relay,127,168,2950
2023-05-16 16:09:31.969,1,82019CFB,No Relay,159,168,2700
2023-05-16 16:09:33.141,1,8201A0FF,No Relay,114,132,3070
2023-05-16 16:09:33.391,1,82019C9E,No Relay,123,141,2980
2023-05-16 16:09:34.407,1,82019CFB,No Relay,160,171,2700
2023-05-16 16:09:35.813,1,82019C9E,No Relay,124,141,2980
2023-05-16 16:09:37.282,1,82018DBB,No Relay,129,168,2960
2023-05-16 16:09:37.485,1,82019B41,No Relay,178,183,2950
2023-05-16 16:09:38.251,1,82019C9E,No Relay,125,75,2980
2023-05-16 16:09:39.830,1,82019CFB,No Relay,162,168,2700
2023-05-16 16:09:40.048,1,82019B41,No Relay,179,183,2950
2023-05-16 16:09:40.986,1,8201A0FF,No Relay,117,132,3070
2023-05-16 16:09:41.173,1,82019C9E,No Relay,126,141,2980
2023-05-16 16:09:42.455,1,82019B41,No Relay,180,186,2950
2023-05-16 16:09:42.642,1,82018DBB,No Relay,131,168,2950
2023-05-16 16:09:42.861,1,82019CFB,No Relay,163,168,2705
2023-05-16 16:09:43.549,1,82019C9E,No Relay,127,141,2980
2023-05-16 16:09:43.736,1,8201A0FF,No Relay,118,132,3060
2023-05-16 16:09:45.096,1,82019B41,No Relay,181,183,2950
2023-05-16 16:09:46.299,1,82019C9E,No Relay,128,141,2980
2023-05-16 16:09:46.486,1,8201A0FF,No Relay,119,129,3070
2023-05-16 16:09:47.518,1,82019B41,No Relay,182,186,2950
2023-05-16 16:09:47.800,1,82018DBB,No Relay,133,168,2960
2023-05-16 16:09:48.815,1,82019C9E,No Relay,129,141,2980
2023-05-16 16:09:49.018,1,8201A0FF,No Relay,120,132,3070
2023-05-16 16:09:50.065,1,82019CFB,No Relay,166,171,2700
2023-05-16 16:09:50.268,1,82018DBB,No Relay,134,168,2950
2023-05-16 16:09:51.300,1,8201A0FF,No Relay,121,132,3060
2023-05-16 16:09:52.441,1,82019CFB,No Relay,167,168,2700
2023-05-16 16:09:53.019,1,82018DBB,No Relay,135,168,2940
2023-05-16 16:09:55.300,1,82019CFB,No Relay,168,168,2700
2023-05-16 16:09:55.894,1,82018DBB,No Relay,136,168,2950
2023-05-16 16:09:56.535,1,8201A0FF,No Relay,123,132,3060
2023-05-16 16:09:57.926,1,82019CFB,No Relay,169,168,2700
2023-05-16 16:09:58.504,1,82019B41,No Relay,186,183,2950
2023-05-16 16:09:58.692,1,82018DBB,No Relay,137,168,2940
2023-05-16 16:09:59.583,1,82019C9E,No Relay,133,141,2990
2023-05-16 16:10:00.723,1,82019CFB,No Relay,170,171,2700
2023-05-16 16:10:00.942,1,82019B41,No Relay,187,186,2950
2023-05-16 16:10:01.473,1,82018DBB,No Relay,138,168,2940
2023-05-16 16:10:01.677,1,8201A0FF,No Relay,125,132,3060
2023-05-16 16:10:02.255,1,82019C9E,No Relay,134,141,2980
2023-05-16 16:10:04.302,1,82018DBB,No Relay,139,168,2940
2023-05-16 16:10:04.505,1,8201A0FF,No Relay,126,132,3070
2023-05-16 16:10:04.693,1,82019C9E,No Relay,135,141,2980
2023-05-16 16:10:06.146,1,82019CFB,No Relay,172,168,2700
2023-05-16 16:10:06.381,1,82019B41,No Relay,189,183,2950
2023-05-16 16:10:07.053,1,8201A0FF,No Relay,127,132,3060
2023-05-16 16:10:07.334,1,82019C9E,No Relay,136,141,2980
2023-05-16 16:10:08.709,1,82019CFB,No Relay,173,168,2695
2023-05-16 16:10:09.475,1,82018DBB,No Relay,141,168,2940
2023-05-16 16:10:09.663,1,8201A0FF,No Relay,128,132,3070
2023-05-16 16:10:10.178,1,82019C9E,No Relay,137,141,2980
2023-05-16 16:10:12.288,1,82018DBB,No Relay,142,168,2950
2023-05-16 16:10:12.663,1,82019C9E,No Relay,138,141,2980
2023-05-16 16:10:13.913,1,82019CFB,No Relay,175,171,2700
2023-05-16 16:10:15.085,1,82018DBB,No Relay,143,168,2950
2023-05-16 16:10:15.288,1,82019C9E,No Relay,139,141,2980
2023-05-16 16:10:16.711,1,82019CFB,No Relay,176,171,2705
2023-05-16 16:10:17.492,1,8201A0FF,No Relay,131,132,3070
2023-05-16 16:10:17.679,1,82019C9E,No Relay,140,141,2980
2023-05-16 16:10:19.461,1,82019CFB,No Relay,177,168,2700
2023-05-16 16:10:19.664,1,82019B41,No Relay,194,186,2950
2023-05-16 16:10:20.008,1,8201A0FF,No Relay,132,129,3060
2023-05-16 16:10:20.195,1,82018DBB,No Relay,145,168,2960
2023-05-16 16:10:22.321,1,82019B41,No Relay,195,183,2950
2023-05-16 16:10:22.508,1,8201A0FF,No Relay,133,132,3060
2023-05-16 16:10:22.821,1,82019C9E,No Relay,142,138,2980
2023-05-16 16:10:25.009,1,82019CFB,No Relay,179,168,2695
2023-05-16 16:10:25.196,1,82018DBB,No Relay,147,168,2940
2023-05-16 16:10:25.681,1,82019C9E,No Relay,143,138,2980
2023-05-16 16:10:27.118,1,82019B41,No Relay,197,183,2950
2023-05-16 16:10:27.525,1,82019CFB,No Relay,180,171,2700
2023-05-16 16:10:27.759,1,82018DBB,No Relay,148,171,2940
2023-05-16 16:10:27.946,1,8201A0FF,No Relay,135,132,3060
2023-05-16 16:10:29.962,1,82019CFB,No Relay,181,168,2700
2023-05-16 16:10:30.165,1,82018DBB,No Relay,149,168,2950
2023-05-16 16:10:30.525,1,8201A0FF,No Relay,136,123,3060
2023-05-16 16:10:31.291,1,82019C9E,No Relay,145,141,2990
2023-05-16 16:10:32.588,1,82018DBB,No Relay,150,168,2940
2023-05-16 16:10:32.775,1,82019CFB,No Relay,182,171,2700
2023-05-16 16:10:32.963,1,82019B41,No Relay,199,183,2950
2023-05-16 16:10:33.182,1,8201A0FF,No Relay,137,126,3070
2023-05-16 16:10:33.682,1,82019C9E,No Relay,146,141,2990
2023-05-16 16:10:35.291,1,82019B41,No Relay,200,186,2950
2023-05-16 16:10:35.588,1,8201A0FF,No Relay,138,132,3060
2023-05-16 16:10:36.323,1,82019C9E,No Relay,147,141,2980
2023-05-16 16:10:37.823,1,82018DBB,No Relay,152,168,2960
2023-05-16 16:10:38.042,1,82019B41,No Relay,201,183,2950
2023-05-16 16:10:38.229,1,82019CFB,No Relay,184,168,2695
2023-05-16 16:10:40.683,1,8201A0FF,No Relay,140,126,3060
2023-05-16 16:10:40.980,1,82019CFB,No Relay,185,168,2700
2023-05-16 16:10:43.058,1,82019B41,No Relay,203,183,2950
2023-05-16 16:10:43.261,1,82018DBB,No Relay,154,168,2940
2023-05-16 16:10:43.480,1,8201A0FF,No Relay,141,126,3060
2023-05-16 16:10:43.714,1,82019CFB,No Relay,186,168,2700
2023-05-16 16:10:44.214,1,82019C9E,No Relay,150,138,2990
2023-05-16 16:10:45.746,1,82018DBB,No Relay,155,168,2950
2023-05-16 16:10:45.949,1,82019B41,No Relay,204,183,2950
2023-05-16 16:10:46.137,1,8201A0FF,No Relay,142,132,3060
2023-05-16 16:10:46.465,1,82019CFB,No Relay,187,168,2690
2023-05-16 16:10:47.059,1,82019C9E,No Relay,151,138,2980
2023-05-16 16:10:48.153,1,82018DBB,No Relay,156,168,2940
2023-05-16 16:10:48.356,1,82019B41,No Relay,205,186,2950
2023-05-16 16:10:48.716,1,8201A0FF,No Relay,143,132,3060
2023-05-16 16:10:49.059,1,82019CFB,No Relay,188,168,2700
2023-05-16 16:10:49.716,1,82019C9E,No Relay,152,138,2980
2023-05-16 16:10:50.981,1,82018DBB,No Relay,157,168,2940
2023-05-16 16:10:51.263,1,8201A0FF,No Relay,144,120,3060
2023-05-16 16:10:51.622,1,82019CFB,No Relay,189,171,2700
2023-05-16 16:10:53.685,1,82019B41,No Relay,207,186,2940
2023-05-16 16:10:54.091,1,8201A0FF,No Relay,145,120,3060
2023-05-16 16:10:54.419,1,82019CFB,No Relay,190,168,2700
2023-05-16 16:10:56.201,1,82019B41,No Relay,208,186,2950
2023-05-16 16:10:56.514,1,82018DBB,No Relay,159,162,2950
2023-05-16 16:10:56.701,1,8201A0FF,No Relay,146,114,3060
2023-05-16 16:10:57.482,1,82019C9E,No Relay,155,156,2980
2023-05-16 16:10:59.030,1,82019B41,No Relay,209,192,2950
2023-05-16 16:10:59.327,1,82018DBB,No Relay,160,162,2940
2023-05-16 16:10:59.983,1,82019CFB,No Relay,192,162,2700
2023-05-16 16:11:01.765,1,82018DBB,No Relay,161,159,2940
2023-05-16 16:11:01.968,1,82019B41,No Relay,210,186,2950
2023-05-16 16:11:02.593,1,82019C9E,No Relay,157,156,2980
2023-05-16 16:11:02.780,1,82019CFB,No Relay,193,162,2700
2023-05-16 16:11:04.218,1,82019B41,No Relay,211,186,2950
2023-05-16 16:11:04.421,1,82018DBB,No Relay,162,168,2940
2023-05-16 16:11:04.609,1,8201A0FF,No Relay,149,120,3070
2023-05-16 16:11:05.031,1,82019C9E,No Relay,158,156,2980
2023-05-16 16:11:06.734,1,82019B41,No Relay,212,186,2950
2023-05-16 16:11:06.937,1,82018DBB,No Relay,163,162,2950
2023-05-16 16:11:07.281,1,8201A0FF,No Relay,150,123,3060
2023-05-16 16:11:07.641,1,82019C9E,No Relay,159,159,2980
2023-05-16 16:11:09.547,1,82019B41,No Relay,213,183,2950
2023-05-16 16:11:10.016,1,8201A0FF,No Relay,151,111,3060
2023-05-16 16:11:10.469,1,82019C9E,No Relay,160,153,2980
2023-05-16 16:11:10.672,1,82019CFB,No Relay,196,162,2700
2023-05-16 16:11:12.469,1,8201A0FF,No Relay,152,123,3060
2023-05-16 16:11:13.313,1,82019CFB,No Relay,197,171,2695
2023-05-16 16:11:14.751,1,82019B41,No Relay,215,186,2950
2023-05-16 16:11:15.298,1,8201A0FF,No Relay,153,129,3070
2023-05-16 16:11:15.485,1,82019C9E,No Relay,162,144,2990
2023-05-16 16:11:16.001,1,82019CFB,No Relay,198,174,2695
2023-05-16 16:11:17.204,1,82019B41,No Relay,216,186,2950
2023-05-16 16:11:17.673,1,8201A0FF,No Relay,154,132,3060
2023-05-16 16:11:17.876,1,82019C9E,No Relay,163,141,2980
2023-05-16 16:11:18.423,1,82019CFB,No Relay,199,174,2700
2023-05-16 16:11:20.017,1,82018DBB,No Relay,168,168,2960
2023-05-16 16:11:20.501,1,8201A0FF,No Relay,155,132,3060
2023-05-16 16:11:20.721,1,82019C9E,No Relay,164,141,2980
2023-05-16 16:11:22.486,1,82018DBB,No Relay,169,168,2940
2023-05-16 16:11:22.674,1,82019B41,No Relay,218,186,2940
2023-05-16 16:11:22.986,1,8201A0FF,No Relay,156,132,3060
2023-05-16 16:11:23.455,1,82019C9E,No Relay,165,141,2980
2023-05-16 16:11:23.659,1,82019CFB,No Relay,201,171,2700
2023-05-16 16:11:25.190,1,82019B41,No Relay,219,186,2940
2023-05-16 16:11:25.503,1,8201A0FF,No Relay,157,129,3070
2023-05-16 16:11:26.081,1,82019C9E,No Relay,166,141,2980
2023-05-16 16:11:27.894,1,82019B41,No Relay,220,186,2950
2023-05-16 16:11:28.316,1,8201A0FF,No Relay,158,132,3060
2023-05-16 16:11:28.816,1,82019C9E,No Relay,167,141,2980
2023-05-16 16:11:30.363,1,82018DBB,No Relay,172,171,2960
2023-05-16 16:11:30.785,1,82019B41,No Relay,221,186,2950
2023-05-16 16:11:30.973,1,8201A0FF,No Relay,159,132,3070
2023-05-16 16:11:31.520,1,82019C9E,No Relay,168,150,2980
2023-05-16 16:11:31.723,1,82019CFB,No Relay,204,168,2695
2023-05-16 16:11:32.770,1,82018DBB,No Relay,173,165,2960
2023-05-16 16:11:33.160,1,82019B41,No Relay,222,186,2950
2023-05-16 16:11:33.692,1,8201A0FF,No Relay,160,132,3060
2023-05-16 16:11:34.239,1,82019C9E,No Relay,169,144,2980
2023-05-16 16:11:34.426,1,82019CFB,No Relay,205,171,2700
2023-05-16 16:11:35.411,1,82018DBB,No Relay,174,168,2940
2023-05-16 16:11:35.708,1,82019B41,No Relay,223,186,2950
2023-05-16 16:11:36.958,1,82019C9E,No Relay,170,144,2980
2023-05-16 16:11:37.145,1,82019CFB,No Relay,206,171,2700
2023-05-16 16:11:39.099,1,8201A0FF,No Relay,162,135,3060
2023-05-16 16:11:39.411,1,82019CFB,No Relay,207,171,2700
2023-05-16 16:11:39.646,1,82019C9E,No Relay,171,144,2980
2023-05-16 16:11:41.146,1,82019B41,No Relay,225,186,2950
2023-05-16 16:11:41.443,1,8201A0FF,No Relay,163,135,3060
2023-05-16 16:11:42.178,1,82019C9E,No Relay,172,144,2980
2023-05-16 16:11:42.365,1,82019CFB,No Relay,208,171,2700
2023-05-16 16:11:43.443,1,82018DBB,No Relay,177,168,2960
2023-05-16 16:11:44.022,1,82019B41,No Relay,226,186,2950
2023-05-16 16:11:44.209,1,8201A0FF,No Relay,164,135,3060
2023-05-16 16:11:44.647,1,82019C9E,No Relay,173,147,2980
2023-05-16 16:11:44.850,1,82019CFB,No Relay,209,171,2705
2023-05-16 16:11:46.022,1,82018DBB,No Relay,178,168,2940
2023-05-16 16:11:46.725,1,8201A0FF,No Relay,165,135,3060
2023-05-16 16:11:46.913,1,82019B41,No Relay,227,186,2940
2023-05-16 16:11:47.132,1,82019C9E,No Relay,174,144,2980
2023-05-16 16:11:47.460,1,82019CFB,No Relay,210,174,2695
2023-05-16 16:11:48.460,1,82018DBB,No Relay,179,168,2940
2023-05-16 16:11:49.257,1,82019B41,No Relay,228,186,2950
2023-05-16 16:11:49.476,1,8201A0FF,No Relay,166,138,3060
2023-05-16 16:11:49.663,1,82019C9E,No Relay,175,144,2980
2023-05-16 16:11:51.023,1,82018DBB,No Relay,180,168,2950
2023-05-16 16:11:51.914,1,82019B41,No Relay,229,186,2950
2023-05-16 16:11:52.101,1,8201A0FF,No Relay,167,132,3060
2023-05-16 16:11:52.367,1,82019C9E,No Relay,176,144,2980
2023-05-16 16:11:52.867,1,82019CFB,No Relay,212,171,2700
2023-05-16 16:11:53.867,1,82018DBB,No Relay,181,171,2940
2023-05-16 16:11:54.570,1,8201A0FF,No Relay,168,120,3060
2023-05-16 16:11:54.820,1,82019C9E,No Relay,177,132,2980
2023-05-16 16:11:56.320,1,82018DBB,No Relay,182,168,2950
2023-05-16 16:11:57.244,1,82019B41,No Relay,231,183,2950
2023-05-16 16:11:57.431,1,82019C9E,No Relay,178,132,2980
2023-05-16 16:11:58.869,1,82018DBB,No Relay,183,168,2950
2023-05-16 16:12:00.041,1,82019B41,No Relay,232,186,2940
2023-05-16 16:12:00.276,1,82019C9E,No Relay,179,123,2980
2023-05-16 16:12:00.557,1,82019CFB,No Relay,215,168,2700
2023-05-16 16:12:01.620,1,82018DBB,No Relay,184,168,2940
2023-05-16 16:12:02.714,1,82019B41,No Relay,233,189,2950
2023-05-16 16:12:03.323,1,82019CFB,No Relay,216,171,2700
2023-05-16 16:12:04.354,1,82018DBB,No Relay,185,168,2950
2023-05-16 16:12:05.183,1,82019B41,No Relay,234,186,2950
2023-05-16 16:12:05.870,1,82019C9E,No Relay,181,144,2990
2023-05-16 16:12:06.808,1,82018DBB,No Relay,186,168,2940
2023-05-16 16:12:08.386,1,82019CFB,No Relay,218,171,2695
2023-05-16 16:12:08.574,1,8201A0FF,No Relay,173,132,3060
2023-05-16 16:12:08.777,1,82019C9E,No Relay,182,144,2980
2023-05-16 16:12:09.308,1,82018DBB,No Relay,187,168,2940
2023-05-16 16:12:10.387,1,82019B41,No Relay,236,168,2950
2023-05-16 16:12:10.793,1,82019CFB,No Relay,219,171,2700
2023-05-16 16:12:11.106,1,82019C9E,No Relay,183,162,2980
2023-05-16 16:12:11.309,1,8201A0FF,No Relay,174,147,3060
2023-05-16 16:12:11.731,1,82018DBB,No Relay,188,171,2950
2023-05-16 16:12:12.981,1,82019B41,No Relay,237,168,2950
2023-05-16 16:12:13.575,1,82019CFB,No Relay,220,180,2695
2023-05-16 16:12:13.762,1,82019C9E,No Relay,184,150,2980
2023-05-16 16:12:14.044,1,8201A0FF,No Relay,175,147,3060
2023-05-16 16:12:14.262,1,82018DBB,No Relay,189,168,2940
2023-05-16 16:12:15.810,1,82019B41,No Relay,238,168,2950
2023-05-16 16:12:16.294,1,82019CFB,No Relay,221,171,2690
2023-05-16 16:12:16.513,1,82019C9E,No Relay,185,159,2980
2023-05-16 16:12:16.747,1,8201A0FF,No Relay,176,111,3060
2023-05-16 16:12:18.419,1,82019B41,No Relay,239,168,2940
2023-05-16 16:12:19.216,1,82019C9E,No Relay,186,156,2980
2023-05-16 16:12:19.841,1,82018DBB,No Relay,191,168,2940
2023-05-16 16:12:21.216,1,82019B41,No Relay,240,168,2950
2023-05-16 16:12:21.795,1,82019C9E,No Relay,187,159,2980
2023-05-16 16:12:22.608,1,82018DBB,No Relay,192,168,2940
2023-05-16 16:12:23.686,1,82019CFB,No Relay,224,171,2690
2023-05-16 16:12:24.217,1,82019C9E,No Relay,188,159,2980
2023-05-16 16:12:25.123,1,82018DBB,No Relay,193,165,2950
2023-05-16 16:12:26.217,1,82019CFB,No Relay,225,171,2700
2023-05-16 16:12:26.889,1,82019C9E,No Relay,189,159,2980
2023-05-16 16:12:27.452,1,8201A0FF,No Relay,180,96,3060
2023-05-16 16:12:27.827,1,82018DBB,No Relay,194,162,2940
2023-05-16 16:12:28.640,1,82019CFB,No Relay,226,171,2690
2023-05-16 16:12:28.952,1,82019B41,No Relay,243,168,2950
2023-05-16 16:12:30.593,1,82018DBB,No Relay,195,165,2940
2023-05-16 16:12:31.187,1,82019CFB,No Relay,227,171,2700
2023-05-16 16:12:31.921,1,82019C9E,No Relay,191,159,2980
2023-05-16 16:12:33.015,1,82018DBB,No Relay,196,171,2950
2023-05-16 16:12:33.922,1,82019CFB,No Relay,228,177,2695
2023-05-16 16:12:34.375,1,82019B41,No Relay,245,171,2950
2023-05-16 16:12:35.078,1,8201A0FF,No Relay,183,138,3060
2023-05-16 16:12:35.515,1,82018DBB,No Relay,197,171,2940
2023-05-16 16:12:36.625,1,82019CFB,No Relay,229,180,2695
2023-05-16 16:12:36.984,1,82019B41,No Relay,246,171,2940
2023-05-16 16:12:37.453,1,82019C9E,No Relay,193,156,2980
2023-05-16 16:12:37.657,1,8201A0FF,No Relay,184,132,3060
2023-05-16 16:12:39.438,1,82019CFB,No Relay,230,180,2700
2023-05-16 16:12:39.626,1,82019B41,No Relay,247,171,2950
2023-05-16 16:12:40.297,1,8201A0FF,No Relay,185,135,3060
2023-05-16 16:12:40.485,1,82019C9E,No Relay,194,156,2980
2023-05-16 16:12:40.751,1,82018DBB,No Relay,199,171,2960
2023-05-16 16:12:42.126,1,82019CFB,No Relay,231,177,2690
2023-05-16 16:12:42.313,1,82019B41,No Relay,248,171,2950
2023-05-16 16:12:43.267,1,82018DBB,No Relay,200,171,2940
2023-05-16 16:12:44.767,1,82019B41,No Relay,249,168,2940
2023-05-16 16:12:44.954,1,82019CFB,No Relay,232,177,2700
2023-05-16 16:12:45.533,1,8201A0FF,No Relay,187,135,3060
2023-05-16 16:12:45.736,1,82019C9E,No Relay,196,156,2990
2023-05-16 16:12:46.017,1,82018DBB,No Relay,201,171,2940
2023-05-16 16:12:47.533,1,82019CFB,No Relay,233,177,2695
2023-05-16 16:12:47.892,1,8201A0FF,No Relay,188,132,3060
2023-05-16 16:12:48.549,1,82019C9E,No Relay,197,156,2990
2023-05-16 16:12:48.877,1,82018DBB,No Relay,202,171,2940
2023-05-16 16:12:50.080,1,82019B41,No Relay,251,171,2940
2023-05-16 16:12:50.314,1,8201A0FF,No Relay,189,144,3060
2023-05-16 16:12:50.518,1,82019CFB,No Relay,234,177,2695
2023-05-16 16:12:51.205,1,82019C9E,No Relay,198,153,2980
2023-05-16 16:12:52.831,1,8201A0FF,No Relay,190,144,3060
2023-05-16 16:12:55.409,1,82019B41,No Relay,253,174,2950
2023-05-16 16:12:55.597,1,82019CFB,No Relay,236,177,2700
2023-05-16 16:12:55.800,1,8201A0FF,No Relay,191,147,3060
2023-05-16 16:12:56.487,1,82019C9E,No Relay,200,156,2990
2023-05-16 16:12:56.753,1,82018DBB,No Relay,205,174,2960
2023-05-16 16:12:57.832,1,8201A0FF,No Relay,192,144,3060
2023-05-16 16:12:58.035,1,82019B41,No Relay,254,174,2950
2023-05-16 16:12:58.253,1,82019CFB,No Relay,237,180,2695
2023-05-16 16:12:59.066,1,82019C9E,No Relay,201,153,2980
2023-05-16 16:13:00.285,1,8201A0FF,No Relay,193,147,3060
2023-05-16 16:13:00.723,1,82019B41,No Relay,255,174,2950
2023-05-16 16:13:01.004,1,82019CFB,No Relay,238,180,2700
2023-05-16 16:13:01.707,1,82019C9E,No Relay,202,156,2980
2023-05-16 16:13:02.895,1,8201A0FF,No Relay,194,141,3060
2023-05-16 16:13:03.770,1,82019CFB,No Relay,239,180,2695
2023-05-16 16:13:04.348,1,82019C9E,No Relay,203,153,2980
2023-05-16 16:13:04.692,1,82018DBB,No Relay,208,171,2960
2023-05-16 16:13:05.473,1,8201A0FF,No Relay,195,144,3060
2023-05-16 16:13:06.568,1,82019CFB,No Relay,240,180,2690
2023-05-16 16:13:07.114,1,82018DBB,No Relay,209,171,2950
2023-05-16 16:13:07.318,1,82019C9E,No Relay,204,153,2980
2023-05-16 16:13:07.880,1,8201A0FF,No Relay,196,147,3060
2023-05-16 16:13:08.255,1,82019B41,No Relay,258,171,2940
2023-05-16 16:13:09.115,1,82019CFB,No Relay,241,177,2700
2023-05-16 16:13:09.740,1,82018DBB,No Relay,210,174,2940
2023-05-16 16:13:10.881,1,82019B41,No Relay,259,171,2950
2023-05-16 16:13:11.772,1,82019CFB,No Relay,242,177,2695
2023-05-16 16:13:12.193,1,82019C9E,No Relay,206,150,2990
2023-05-16 16:13:12.381,1,82018DBB,No Relay,211,174,2950
2023-05-16 16:13:13.022,1,8201A0FF,No Relay,198,144,3060
2023-05-16 16:13:14.569,1,82019CFB,No Relay,243,177,2695
2023-05-16 16:13:14.772,1,82019C9E,No Relay,207,150,2980
2023-05-16 16:13:15.178,1,82018DBB,No Relay,212,171,2940
2023-05-16 16:13:17.132,1,82019CFB,No Relay,244,177,2695
2023-05-16 16:13:17.444,1,82019C9E,No Relay,208,150,2980
2023-05-16 16:13:17.648,1,82018DBB,No Relay,213,171,2950
2023-05-16 16:13:18.226,1,8201A0FF,No Relay,200,141,3060
2023-05-16 16:13:19.367,1,82019B41,No Relay,262,171,2940
2023-05-16 16:13:19.914,1,82019CFB,No Relay,245,177,2695
2023-05-16 16:13:20.336,1,82018DBB,No Relay,214,171,2940
2023-05-16 16:13:21.008,1,8201A0FF,No Relay,201,135,3060
2023-05-16 16:13:22.211,1,82019B41,No Relay,263,168,2950
2023-05-16 16:13:22.430,1,82019CFB,No Relay,246,177,2695
2023-05-16 16:13:22.930,1,82019C9E,No Relay,210,153,2990
2023-05-16 16:13:23.133,1,82018DBB,No Relay,215,174,2950
2023-05-16 16:13:23.727,1,8201A0FF,No Relay,202,147,3060
2023-05-16 16:13:24.884,1,82019CFB,No Relay,247,177,2695
2023-05-16 16:13:25.071,1,82019B41,No Relay,264,171,2950
2023-05-16 16:13:25.649,1,82019C9E,No Relay,211,153,2990
2023-05-16 16:13:25.837,1,82018DBB,No Relay,216,171,2940
2023-05-16 16:13:26.368,1,8201A0FF,No Relay,203,123,3060
2023-05-16 16:13:27.556,1,82019CFB,No Relay,248,177,2695
2023-05-16 16:13:27.775,1,82019B41,No Relay,265,183,2940
2023-05-16 16:13:28.071,1,82019C9E,No Relay,212,159,2980
2023-05-16 16:13:28.274,1,82018DBB,No Relay,217,171,2940
2023-05-16 16:13:29.056,1,8201A0FF,No Relay,204,123,3060
2023-05-16 16:13:30.134,1,82019CFB,No Relay,249,168,2700
2023-05-16 16:13:30.337,1,82019B41,No Relay,266,168,2940
2023-05-16 16:13:30.791,1,82018DBB,No Relay,218,159,2940
2023-05-16 16:13:30.994,1,82019C9E,No Relay,213,165,2980
2023-05-16 16:13:31.744,1,8201A0FF,No Relay,205,132,3060
2023-05-16 16:13:32.650,1,82019CFB,No Relay,250,177,2700
2023-05-16 16:13:33.072,1,82019B41,No Relay,267,180,2940
2023-05-16 16:13:33.557,1,82018DBB,No Relay,219,168,2950
2023-05-16 16:13:33.760,1,82019C9E,No Relay,214,153,2980
2023-05-16 16:13:34.135,1,8201A0FF,No Relay,206,132,3060
2023-05-16 16:13:35.244,1,82019CFB,No Relay,251,177,2690
2023-05-16 16:13:35.932,1,82019B41,No Relay,268,183,2950
2023-05-16 16:13:36.182,1,82018DBB,No Relay,220,168,2960
2023-05-16 16:13:36.823,1,8201A0FF,No Relay,207,132,3060
2023-05-16 16:13:38.714,1,82018DBB,No Relay,221,168,2940
2023-05-16 16:13:39.542,1,8201A0FF,No Relay,208,132,3060
2023-05-16 16:13:40.808,1,82019CFB,No Relay,253,177,2690
2023-05-16 16:13:41.120,1,82018DBB,No Relay,222,168,2940
2023-05-16 16:13:42.058,1,8201A0FF,No Relay,209,132,3060
2023-05-16 16:13:43.230,1,82019CFB,No Relay,254,177,2690
2023-05-16 16:13:43.558,1,82018DBB,No Relay,223,168,2940
2023-05-16 16:13:44.261,1,82019B41,No Relay,271,183,2940
2023-05-16 16:13:44.464,1,82019C9E,No Relay,218,156,2990
2023-05-16 16:13:44.855,1,8201A0FF,No Relay,210,135,3060
2023-05-16 16:13:46.105,1,82018DBB,No Relay,224,168,2940
2023-05-16 16:13:46.637,1,82019B41,No Relay,272,183,2950
2023-05-16 16:13:47.137,1,82019C9E,No Relay,219,153,2980
2023-05-16 16:13:48.559,1,82019CFB,No Relay,256,177,2695
2023-05-16 16:13:48.747,1,82018DBB,No Relay,225,168,2940
2023-05-16 16:13:49.106,1,82019B41,No Relay,273,183,2940
2023-05-16 16:13:51.137,1,82019CFB,No Relay,257,177,2695
2023-05-16 16:13:51.434,1,82018DBB,No Relay,226,168,2940
2023-05-16 16:13:52.231,1,82019C9E,No Relay,221,156,2990
2023-05-16 16:13:52.731,1,8201A0FF,No Relay,213,132,3060
2023-05-16 16:13:53.669,1,82019CFB,No Relay,258,177,2690
2023-05-16 16:13:53.888,1,82018DBB,No Relay,227,168,2940
2023-05-16 16:13:54.513,1,82019B41,No Relay,275,183,2950
2023-05-16 16:13:55.029,1,82019C9E,No Relay,222,156,2980
2023-05-16 16:13:55.498,1,8201A0FF,No Relay,214,135,3060
2023-05-16 16:13:56.467,1,82019CFB,No Relay,259,174,2695
2023-05-16 16:13:57.154,1,82019B41,No Relay,276,183,2950
2023-05-16 16:13:57.701,1,82019C9E,No Relay,223,156,2980
2023-05-16 16:13:58.139,1,8201A0FF,No Relay,215,126,3060
2023-05-16 16:13:59.139,1,82018DBB,No Relay,229,174,2960
2023-05-16 16:14:00.030,1,82019B41,No Relay,277,171,2940
2023-05-16 16:14:00.702,1,8201A0FF,No Relay,216,132,3060
2023-05-16 16:14:01.843,1,82018DBB,No Relay,230,171,2950
2023-05-16 16:14:02.030,1,82019CFB,No Relay,261,180,2690
2023-05-16 16:14:02.999,1,82019C9E,No Relay,225,153,2990
2023-05-16 16:14:04.452,1,82018DBB,No Relay,231,168,2950
2023-05-16 16:14:05.765,1,82019C9E,No Relay,226,156,2980
2023-05-16 16:14:05.952,1,8201A0FF,No Relay,218,135,3060
2023-05-16 16:14:06.828,1,82019CFB,No Relay,263,177,2690
2023-05-16 16:14:07.015,1,82018DBB,No Relay,232,168,2940
2023-05-16 16:14:08.437,1,82019C9E,No Relay,227,156,2980
2023-05-16 16:14:08.625,1,8201A0FF,No Relay,219,132,3060
2023-05-16 16:14:09.547,1,82018DBB,No Relay,233,168,2940
2023-05-16 16:14:09.750,1,82019CFB,No Relay,264,177,2695
2023-05-16 16:14:10.813,1,82019C9E,No Relay,228,153,2980
2023-05-16 16:14:11.125,1,8201A0FF,No Relay,220,111,3060
2023-05-16 16:14:12.469,1,82019CFB,No Relay,265,177,2700
2023-05-16 16:14:12.657,1,82019B41,No Relay,282,174,2940
2023-05-16 16:14:13.344,1,82019C9E,No Relay,229,156,2980
2023-05-16 16:14:13.782,1,8201A0FF,No Relay,221,123,3060
2023-05-16 16:14:14.845,1,82018DBB,No Relay,235,168,2960
2023-05-16 16:14:15.048,1,82019CFB,No Relay,266,177,2700
2023-05-16 16:14:16.251,1,8201A0FF,No Relay,222,129,3060
2023-05-16 16:14:17.439,1,82019CFB,No Relay,267,171,2690
2023-05-16 16:14:17.627,1,82018DBB,No Relay,236,168,2940
2023-05-16 16:14:18.314,1,82019C9E,No Relay,231,159,2990
2023-05-16 16:14:18.908,1,8201A0FF,No Relay,223,132,3060
2023-05-16 16:14:20.205,1,82019CFB,No Relay,268,174,2695
2023-05-16 16:14:20.408,1,82018DBB,No Relay,237,168,2940
2023-05-16 16:14:21.174,1,82019C9E,No Relay,232,159,2980
2023-05-16 16:14:21.377,1,8201A0FF,No Relay,224,132,3060
2023-05-16 16:14:22.674,1,82019B41,No Relay,286,174,2950
2023-05-16 16:14:22.893,1,82018DBB,No Relay,238,168,2940
2023-05-16 16:14:23.080,1,82019CFB,No Relay,269,174,2700
2023-05-16 16:14:23.674,1,82019C9E,No Relay,233,156,2980
2023-05-16 16:14:23.940,1,8201A0FF,No Relay,225,111,3060
2023-05-16 16:14:25.315,1,82019B41,No Relay,287,177,2940
2023-05-16 16:14:25.581,1,82019CFB,No Relay,270,171,2690
2023-05-16 16:14:25.784,1,82018DBB,No Relay,239,168,2940
2023-05-16 16:14:26.503,1,82019C9E,No Relay,234,156,2980
2023-05-16 16:14:27.909,1,82019B41,No Relay,288,177,2940
2023-05-16 16:14:29.191,1,82019C9E,No Relay,235,156,2980
2023-05-16 16:14:30.456,1,82019B41,No Relay,289,177,2940
2023-05-16 16:14:31.613,1,82019C9E,No Relay,236,156,2980
2023-05-16 16:14:32.035,1,8201A0FF,No Relay,228,114,3060
2023-05-16 16:14:32.988,1,82019B41,No Relay,290,177,2950
2023-05-16 16:14:33.816,1,82019CFB,No Relay,273,171,2690
2023-05-16 16:14:34.269,1,82019C9E,No Relay,237,159,2980
2023-05-16 16:14:34.770,1,8201A0FF,No Relay,229,132,3060
2023-05-16 16:14:35.754,1,82019B41,No Relay,291,174,2950
2023-05-16 16:14:36.363,1,82019CFB,No Relay,274,174,2695
2023-05-16 16:14:36.551,1,82018DBB,No Relay,243,171,2960
2023-05-16 16:14:37.145,1,8201A0FF,No Relay,230,126,3060
2023-05-16 16:14:38.520,1,82019B41,No Relay,292,177,2950
2023-05-16 16:14:39.130,1,82019CFB,No Relay,275,174,2690
2023-05-16 16:14:39.317,1,82018DBB,No Relay,244,168,2940
2023-05-16 16:14:39.520,1,82019C9E,No Relay,239,156,2980
2023-05-16 16:14:39.927,1,8201A0FF,No Relay,231,132,3060
2023-05-16 16:14:40.896,1,82019B41,No Relay,293,177,2950
2023-05-16 16:14:41.849,1,82018DBB,No Relay,245,168,2950
2023-05-16 16:14:42.052,1,82019CFB,No Relay,276,171,2690
2023-05-16 16:14:42.677,1,8201A0FF,No Relay,232,132,3060
2023-05-16 16:14:43.349,1,82019B41,No Relay,294,180,2950
2023-05-16 16:14:44.349,1,82019CFB,No Relay,277,177,2695
2023-05-16 16:14:44.568,1,82018DBB,No Relay,246,171,2940
2023-05-16 16:14:44.912,1,82019C9E,No Relay,241,153,2990
2023-05-16 16:14:45.303,1,8201A0FF,No Relay,233,129,3060
2023-05-16 16:14:45.850,1,82019B41,No Relay,295,177,2940
2023-05-16 16:14:46.975,1,82018DBB,No Relay,247,171,2940
2023-05-16 16:14:47.162,1,82019CFB,No Relay,278,180,2690
2023-05-16 16:14:47.490,1,82019C9E,No Relay,242,156,2980
2023-05-16 16:14:48.147,1,8201A0FF,No Relay,234,99,3060
2023-05-16 16:14:48.631,1,82019B41,No Relay,296,177,2950
2023-05-16 16:14:49.444,1,82018DBB,No Relay,248,171,2940
2023-05-16 16:14:49.788,1,82019CFB,No Relay,279,180,2690
2023-05-16 16:14:49.975,1,82019C9E,No Relay,243,153,2980
2023-05-16 16:14:50.710,1,8201A0FF,No Relay,235,108,3060
2023-05-16 16:14:52.007,1,82018DBB,No Relay,249,168,2940
2023-05-16 16:14:52.226,1,82019CFB,No Relay,280,180,2690
2023-05-16 16:14:52.632,1,82019C9E,No Relay,244,153,2980
2023-05-16 16:14:53.460,1,8201A0FF,No Relay,236,117,3060
2023-05-16 16:14:54.007,1,82019B41,No Relay,298,168,2940
2023-05-16 16:14:54.554,1,82018DBB,No Relay,250,168,2950
2023-05-16 16:14:54.898,1,82019CFB,No Relay,281,177,2690
2023-05-16 16:14:55.351,1,82019C9E,No Relay,245,156,2980
2023-05-16 16:14:55.851,1,8201A0FF,No Relay,237,111,3060
2023-05-16 16:14:57.398,1,82018DBB,No Relay,251,168,2940
2023-05-16 16:14:57.602,1,82019CFB,No Relay,282,180,2690
2023-05-16 16:14:58.086,1,82019C9E,No Relay,246,153,2980
2023-05-16 16:14:58.539,1,8201A0FF,No Relay,238,96,3060
2023-05-16 16:14:59.383,1,82019B41,No Relay,300,168,2950
2023-05-16 16:14:59.946,1,82019CFB,No Relay,283,180,2700
2023-05-16 16:15:01.852,1,82019B41,No Relay,301,168,2940
2023-05-16 16:15:02.321,1,82019CFB,No Relay,284,177,2690
2023-05-16 16:15:02.524,1,82018DBB,No Relay,253,168,2940
2023-05-16 16:15:05.119,1,82019CFB,No Relay,285,177,2695
2023-05-16 16:15:05.337,1,82018DBB,No Relay,254,171,2940
2023-05-16 16:15:05.682,1,82019C9E,No Relay,249,153,2990
2023-05-16 16:15:06.619,1,8201A0FF,No Relay,241,60,3060
2023-05-16 16:15:07.072,1,82019B41,No Relay,303,171,2940
2023-05-16 16:15:07.916,1,82019CFB,No Relay,286,180,2690
2023-05-16 16:15:08.104,1,82019C9E,No Relay,250,153,2980
2023-05-16 16:15:08.322,1,82018DBB,No Relay,255,171,2950
2023-05-16 16:15:10.463,1,82019C9E,No Relay,251,156,2980
2023-05-16 16:15:10.651,1,82019CFB,No Relay,287,180,2690
2023-05-16 16:15:12.073,1,8201A0FF,No Relay,243,60,3060
2023-05-16 16:15:12.276,1,82019B41,No Relay,305,174,2940
2023-05-16 16:15:12.932,1,82019C9E,No Relay,252,156,2980
2023-05-16 16:15:13.120,1,82018DBB,No Relay,257,171,2960
2023-05-16 16:15:14.526,1,8201A0FF,No Relay,244,75,3060
2023-05-16 16:15:14.823,1,82019B41,No Relay,306,174,2940
2023-05-16 16:15:15.480,1,82019CFB,No Relay,289,180,2690
2023-05-16 16:15:15.668,1,82019C9E,No Relay,253,156,2980
2023-05-16 16:15:15.871,1,82018DBB,No Relay,258,168,2940
2023-05-16 16:15:17.308,1,8201A0FF,No Relay,245,90,3060
2023-05-16 16:15:17.511,1,82019B41,No Relay,307,174,2940
2023-05-16 16:15:18.121,1,82019C9E,No Relay,254,156,2980
2023-05-16 16:15:18.371,1,82018DBB,No Relay,259,168,2940
2023-05-16 16:15:19.684,1,8201A0FF,No Relay,246,102,3060
2023-05-16 16:15:20.746,1,82019C9E,No Relay,255,156,2980
2023-05-16 16:15:20.949,1,82019CFB,No Relay,291,177,2690
2023-05-16 16:15:21.153,1,82018DBB,No Relay,260,171,2950
2023-05-16 16:15:23.168,1,82019C9E,No Relay,256,156,2980
2023-05-16 16:15:23.372,1,82019CFB,No Relay,292,180,2690
2023-05-16 16:15:23.762,1,82018DBB,No Relay,261,168,2940
2023-05-16 16:15:24.919,1,8201A0FF,No Relay,248,111,3060
2023-05-16 16:15:25.387,1,82019B41,No Relay,310,171,2940
2023-05-16 16:15:25.700,1,82019CFB,No Relay,293,177,2695
2023-05-16 16:15:26.528,1,82018DBB,No Relay,262,168,2940
2023-05-16 16:15:27.763,1,8201A0FF,No Relay,249,75,3060
2023-05-16 16:15:27.982,1,82019B41,No Relay,311,174,2960
2023-05-16 16:15:28.185,1,82019CFB,No Relay,294,177,2695
2023-05-16 16:15:29.247,1,82018DBB,No Relay,263,168,2940
2023-05-16 16:15:30.435,1,8201A0FF,No Relay,250,126,3060
2023-05-16 16:15:30.638,1,82019CFB,No Relay,295,174,2690
2023-05-16 16:15:30.841,1,82019B41,No Relay,312,177,2940
2023-05-16 16:15:31.904,1,82018DBB,No Relay,264,168,2940
2023-05-16 16:15:32.935,1,82019CFB,No Relay,296,174,2690
2023-05-16 16:15:35.498,1,82019CFB,No Relay,297,171,2695
2023-05-16 16:15:35.811,1,8201A0FF,No Relay,252,132,3060
2023-05-16 16:15:35.998,1,82019B41,No Relay,314,177,2950
2023-05-16 16:15:36.295,1,82019C9E,No Relay,261,162,2980
2023-05-16 16:15:37.483,1,82018DBB,No Relay,266,168,2960
2023-05-16 16:15:37.889,1,82019CFB,No Relay,298,171,2695
2023-05-16 16:15:38.514,1,82019B41,No Relay,315,177,2940
2023-05-16 16:15:40.280,1,82018DBB,No Relay,267,162,2950
2023-05-16 16:15:40.483,1,82019CFB,No Relay,299,171,2690
2023-05-16 16:15:41.030,1,8201A0FF,No Relay,254,141,3060
2023-05-16 16:15:41.249,1,82019B41,No Relay,316,177,2950
2023-05-16 16:15:41.436,1,82019C9E,No Relay,263,168,2980
2023-05-16 16:15:42.749,1,82018DBB,No Relay,268,162,2940
2023-05-16 16:15:43.202,1,82019CFB,No Relay,300,171,2695
2023-05-16 16:15:43.499,1,8201A0FF,No Relay,255,141,3060
2023-05-16 16:15:43.843,1,82019C9E,No Relay,264,168,2980
2023-05-16 16:15:44.046,1,82019B41,No Relay,317,180,2940
2023-05-16 16:15:46.031,1,82019CFB,No Relay,301,171,2695
2023-05-16 16:15:46.234,1,8201A0FF,No Relay,256,141,3060
2023-05-16 16:15:46.422,1,82019C9E,No Relay,265,168,2980
2023-05-16 16:15:48.281,1,82018DBB,No Relay,270,162,2960
2023-05-16 16:15:48.579,1,82019CFB,No Relay,302,171,2695
2023-05-16 16:15:48.766,1,8201A0FF,No Relay,257,147,3060
2023-05-16 16:15:48.985,1,82019C9E,No Relay,266,168,2980
2023-05-16 16:15:49.266,1,82019B41,No Relay,319,180,2940
2023-05-16 16:15:50.829,1,82018DBB,No Relay,271,162,2940
2023-05-16 16:15:51.219,1,82019CFB,No Relay,303,168,2695
2023-05-16 16:15:51.422,1,82019C9E,No Relay,267,168,2980
2023-05-16 16:15:51.610,1,8201A0FF,No Relay,258,144,3060
2023-05-16 16:15:51.907,1,82019B41,No Relay,320,177,2950
2023-05-16 16:15:53.595,1,82018DBB,No Relay,272,168,2940
2023-05-16 16:15:53.814,1,82019C9E,No Relay,268,168,2980
2023-05-16 16:15:54.407,1,82019B41,No Relay,321,177,2940
2023-05-16 16:15:56.423,1,82019C9E,No Relay,269,165,2980
2023-05-16 16:15:56.627,1,82018DBB,No Relay,273,162,2940
2023-05-16 16:15:56.830,1,8201A0FF,No Relay,260,141,3060
2023-05-16 16:15:57.142,1,82019B41,No Relay,322,180,2940
2023-05-16 16:15:59.017,1,82019C9E,No Relay,270,168,2980
2023-05-16 16:15:59.220,1,82018DBB,No Relay,274,162,2950
2023-05-16 16:15:59.424,1,8201A0FF,No Relay,261,141,3060
2023-05-16 16:15:59.611,1,82019B41,No Relay,323,180,2940
2023-05-16 16:15:59.814,1,82019CFB,No Relay,306,168,2695
2023-05-16 16:16:02.252,1,82019B41,No Relay,324,180,2950
2023-05-16 16:16:02.518,1,82019CFB,No Relay,307,168,2690
2023-05-16 16:16:03.909,1,82019C9E,No Relay,272,168,2980
2023-05-16 16:16:04.393,1,82018DBB,No Relay,276,168,2940
2023-05-16 16:16:04.581,1,8201A0FF,No Relay,263,138,3060
2023-05-16 16:16:04.768,1,82019B41,No Relay,325,180,2950
2023-05-16 16:16:05.362,1,82019CFB,No Relay,308,168,2695
2023-05-16 16:16:06.471,1,82019C9E,No Relay,273,168,2980
2023-05-16 16:16:06.894,1,8201A0FF,No Relay,264,141,3060
2023-05-16 16:16:07.097,1,82018DBB,No Relay,277,162,2950
2023-05-16 16:16:09.347,1,82019C9E,No Relay,274,168,2980
2023-05-16 16:16:09.534,1,8201A0FF,No Relay,265,138,3060
2023-05-16 16:16:09.738,1,82018DBB,No Relay,278,162,2940
2023-05-16 16:16:10.253,1,82019CFB,No Relay,310,168,2695
2023-05-16 16:16:11.894,1,82019C9E,No Relay,275,168,2980
2023-05-16 16:16:12.144,1,82018DBB,No Relay,279,162,2940
2023-05-16 16:16:12.347,1,8201A0FF,No Relay,266,138,3070
2023-05-16 16:16:12.535,1,82019B41,No Relay,328,180,2940
2023-05-16 16:16:13.051,1,82019CFB,No Relay,311,168,2690
2023-05-16 16:16:14.614,1,82019C9E,No Relay,276,168,2980
2023-05-16 16:16:14.817,1,8201A0FF,No Relay,267,138,3060
2023-05-16 16:16:15.035,1,82019B41,No Relay,329,177,2950
2023-05-16 16:16:15.801,1,82019CFB,No Relay,312,171,2695
2023-05-16 16:16:17.411,1,82019C9E,No Relay,277,165,2980
2023-05-16 16:16:17.630,1,8201A0FF,No Relay,268,138,3060
2023-05-16 16:16:17.817,1,82018DBB,No Relay,281,168,2940
2023-05-16 16:16:18.646,1,82019CFB,No Relay,313,168,2690
2023-05-16 16:16:20.052,1,8201A0FF,No Relay,269,138,3060
2023-05-16 16:16:20.239,1,82019B41,No Relay,331,180,2940
2023-05-16 16:16:20.443,1,82019C9E,No Relay,278,165,2980
2023-05-16 16:16:20.646,1,82018DBB,No Relay,282,162,2940
2023-05-16 16:16:21.193,1,82019CFB,No Relay,314,168,2690
2023-05-16 16:16:22.584,1,8201A0FF,No Relay,270,138,3060
2023-05-16 16:16:22.771,1,82019B41,No Relay,332,180,2950
2023-05-16 16:16:23.162,1,82018DBB,No Relay,283,162,2940
2023-05-16 16:16:25.553,1,82019C9E,No Relay,280,168,2980
2023-05-16 16:16:26.256,1,82019CFB,No Relay,316,168,2690
2023-05-16 16:16:28.006,1,82019B41,No Relay,334,177,2950
2023-05-16 16:16:28.350,1,82018DBB,No Relay,285,162,2960
2023-05-16 16:16:28.897,1,82019CFB,No Relay,317,168,2690
2023-05-16 16:16:30.444,1,8201A0FF,No Relay,273,138,3060
2023-05-16 16:16:30.882,1,82019B41,No Relay,335,180,2940
2023-05-16 16:16:31.069,1,82019C9E,No Relay,282,168,2990
2023-05-16 16:16:31.272,1,82018DBB,No Relay,286,162,2940
2023-05-16 16:16:31.491,1,82019CFB,No Relay,318,168,2690
2023-05-16 16:16:33.460,1,82019C9E,No Relay,283,165,2980
2023-05-16 16:16:33.663,1,82018DBB,No Relay,287,162,2950
2023-05-16 16:16:33.866,1,82019B41,No Relay,336,177,2950
2023-05-16 16:16:34.054,1,82019CFB,No Relay,319,168,2690
2023-05-16 16:16:35.335,1,8201A0FF,No Relay,275,141,3060
2023-05-16 16:16:36.257,1,82019C9E,No Relay,284,168,2980
2023-05-16 16:16:36.476,1,82019B41,No Relay,337,180,2940
2023-05-16 16:16:36.664,1,82019CFB,No Relay,320,168,2695
2023-05-16 16:16:38.680,1,82019C9E,No Relay,285,168,2980
2023-05-16 16:16:38.977,1,82018DBB,No Relay,289,162,2940
2023-05-16 16:16:39.398,1,82019CFB,No Relay,321,168,2690
2023-05-16 16:16:41.414,1,82019C9E,No Relay,286,168,2980
2023-05-16 16:16:41.743,1,82018DBB,No Relay,290,162,2950
2023-05-16 16:16:41.946,1,82019B41,No Relay,339,180,2940
2023-05-16 16:16:43.024,1,8201A0FF,No Relay,278,138,3060
2023-05-16 16:16:44.243,1,82019C9E,No Relay,287,168,2980
2023-05-16 16:16:44.446,1,82018DBB,No Relay,291,162,2940
2023-05-16 16:16:44.634,1,82019CFB,No Relay,323,168,2695
2023-05-16 16:16:44.837,1,82019B41,No Relay,340,180,2940
2023-05-16 16:16:45.665,1,8201A0FF,No Relay,279,144,3060
2023-05-16 16:16:46.821,1,82019CFB,No Relay,324,168,2695
2023-05-16 16:16:47.040,1,82018DBB,No Relay,292,168,2940
2023-05-16 16:16:47.228,1,82019C9E,No Relay,288,159,2980
2023-05-16 16:16:47.431,1,82019B41,No Relay,341,177,2940
2023-05-16 16:16:48.150,1,8201A0FF,No Relay,280,141,3060
2023-05-16 16:16:49.478,1,82019C9E,No Relay,289,168,2980
2023-05-16 16:16:49.916,1,82019B41,No Relay,342,177,2940
2023-05-16 16:16:50.525,1,8201A0FF,No Relay,281,144,3060
2023-05-16 16:16:51.900,1,82019C9E,No Relay,290,168,2980
2023-05-16 16:16:52.088,1,82019CFB,No Relay,326,168,2690
2023-05-16 16:16:52.588,1,82018DBB,No Relay,294,162,2950
2023-05-16 16:16:52.994,1,8201A0FF,No Relay,282,141,3060
2023-05-16 16:16:55.385,1,82018DBB,No Relay,295,162,2940
2023-05-16 16:16:55.573,1,82019B41,No Relay,344,177,2940
2023-05-16 16:16:55.776,1,8201A0FF,No Relay,283,132,3060
2023-05-16 16:16:56.901,1,82019C9E,No Relay,292,162,2980
2023-05-16 16:16:58.026,1,82018DBB,No Relay,296,162,2940
2023-05-16 16:16:58.229,1,82019B41,No Relay,345,177,2940
2023-05-16 16:16:58.417,1,8201A0FF,No Relay,284,141,3060
2023-05-16 16:16:59.464,1,82019C9E,No Relay,293,159,2980
2023-05-16 16:16:59.730,1,82019CFB,No Relay,329,174,2690
2023-05-16 16:17:00.745,1,82019B41,No Relay,346,177,2940
2023-05-16 16:17:01.120,1,8201A0FF,No Relay,285,111,3060
2023-05-16 16:17:02.511,1,82019CFB,No Relay,330,171,2690
2023-05-16 16:17:03.246,1,82018DBB,No Relay,298,168,2960
2023-05-16 16:17:03.949,1,8201A0FF,No Relay,286,138,3060
2023-05-16 16:17:04.902,1,82019C9E,No Relay,295,162,2980
2023-05-16 16:17:05.105,1,82019CFB,No Relay,331,171,2695
2023-05-16 16:17:06.043,1,82018DBB,No Relay,299,165,2940
2023-05-16 16:17:06.418,1,82019B41,No Relay,348,177,2940
2023-05-16 16:17:07.402,1,82019CFB,No Relay,332,171,2690
2023-05-16 16:17:07.668,1,82019C9E,No Relay,296,162,2980
2023-05-16 16:17:08.872,1,82018DBB,No Relay,300,162,2940
2023-05-16 16:17:09.137,1,82019B41,No Relay,349,177,2940
2023-05-16 16:17:09.496,1,8201A0FF,No Relay,288,132,3060
2023-05-16 16:17:09.794,1,82019CFB,No Relay,333,168,2690
2023-05-16 16:17:10.512,1,82019C9E,No Relay,297,138,2980
2023-05-16 16:17:11.309,1,82018DBB,No Relay,301,165,2940
2023-05-16 16:17:11.981,1,82019B41,No Relay,350,174,2940
2023-05-16 16:17:12.200,1,8201A0FF,No Relay,289,135,3060
2023-05-16 16:17:12.388,1,82019CFB,No Relay,334,168,2690
2023-05-16 16:17:13.153,1,82019C9E,No Relay,298,141,2980
2023-05-16 16:17:13.779,1,82018DBB,No Relay,302,168,2940
2023-05-16 16:17:14.450,1,82019B41,No Relay,351,177,2950
2023-05-16 16:17:14.654,1,82019CFB,No Relay,335,168,2690
2023-05-16 16:17:14.888,1,8201A0FF,No Relay,290,147,3060
2023-05-16 16:17:15.951,1,82019C9E,No Relay,299,144,2980
2023-05-16 16:17:16.357,1,82018DBB,No Relay,303,168,2940
2023-05-16 16:17:17.232,1,82019B41,No Relay,352,177,2940
2023-05-16 16:17:17.419,1,8201A0FF,No Relay,291,147,3060
2023-05-16 16:17:18.607,1,82019C9E,No Relay,300,141,2980
2023-05-16 16:17:18.811,1,82018DBB,No Relay,304,168,2950
2023-05-16 16:17:19.748,1,8201A0FF,No Relay,292,147,3060
2023-05-16 16:17:19.936,1,82019CFB,No Relay,337,168,2690
2023-05-16 16:17:21.077,1,82019C9E,No Relay,301,144,2980
2023-05-16 16:17:21.358,1,82018DBB,No Relay,305,168,2950
2023-05-16 16:17:22.249,1,82019CFB,No Relay,338,168,2695
2023-05-16 16:17:23.702,1,82019C9E,No Relay,302,144,2980
2023-05-16 16:17:23.890,1,82018DBB,No Relay,306,168,2940
2023-05-16 16:17:24.984,1,82019CFB,No Relay,339,168,2690
2023-05-16 16:17:25.171,1,8201A0FF,No Relay,294,84,3060
2023-05-16 16:17:25.390,1,82019B41,No Relay,355,177,2950
2023-05-16 16:17:26.265,1,82019C9E,No Relay,303,132,2980
2023-05-16 16:17:27.750,1,82019B41,No Relay,356,183,2940
2023-05-16 16:17:27.953,1,82019CFB,No Relay,340,168,2685
2023-05-16 16:17:28.687,1,82019C9E,No Relay,304,132,2980
2023-05-16 16:17:29.156,1,82018DBB,No Relay,308,162,2950
2023-05-16 16:17:30.203,1,82019B41,No Relay,357,183,2960
2023-05-16 16:17:31.500,1,82019C9E,No Relay,305,126,2980
2023-05-16 16:17:32.281,1,8201A0FF,No Relay,297,132,3060
2023-05-16 16:17:33.031,1,82019B41,No Relay,358,183,2950
2023-05-16 16:17:33.281,1,82019CFB,No Relay,342,162,2690
2023-05-16 16:17:34.626,1,82018DBB,No Relay,310,168,2960
2023-05-16 16:17:35.016,1,8201A0FF,No Relay,298,156,3060
2023-05-16 16:17:35.860,1,82019B41,No Relay,359,168,2950
