時間,論理ID,タグID,中継器ID,送信番号,電波強度,電源電圧,piNo
2023/05/16 16:41:20.429,1,82019EBB,No Relay,816,156,2830,3
2023/05/16 16:41:20.429,1,82019EBB,No Relay,816,213,2830,6
2023/05/16 16:41:21.101,1,8201A0FF,No Relay,841,195,3050,6
2023/05/16 16:41:21.101,1,8201A0FF,No Relay,841,150,3050,3
2023/05/16 16:41:21.382,1,82019B41,No Relay,894,138,2940,3
2023/05/16 16:41:21.382,1,82019B41,No Relay,894,195,2940,6
2023/05/16 16:41:21.945,1,82019F0C,No Relay,828,159,3120,3
2023/05/16 16:41:22.007,1,82019F0C,No Relay,828,168,3120,6
2023/05/16 16:41:22.007,1,82019CFB,No Relay,881,171,2690,3
2023/05/16 16:41:22.007,1,82019CFB,No Relay,881,177,2690,6
2023/05/16 16:41:22.007,1,82019543,No Relay,899,171,2880,3
2023/05/16 16:41:22.148,1,82019543,No Relay,899,210,2880,6
2023/05/16 16:41:22.257,1,82019A5C,No Relay,821,174,3050,3
2023/05/16 16:41:22.257,1,82019A5C,No Relay,821,177,3050,6
2023/05/16 16:41:23.133,1,82018DBB,No Relay,843,192,2960,6
2023/05/16 16:41:23.133,1,82018DBB,No Relay,843,156,2960,3
2023/05/16 16:41:23.273,1,82019EBB,No Relay,817,141,2830,3
2023/05/16 16:41:23.320,1,82019EBB,No Relay,817,219,2830,6
2023/05/16 16:41:23.883,1,8201A0FF,No Relay,842,195,3050,6
2023/05/16 16:41:23.883,1,8201A0FF,No Relay,842,156,3050,3
2023/05/16 16:41:24.086,1,82019B41,No Relay,895,156,2940,3
2023/05/16 16:41:24.086,1,82019B41,No Relay,895,198,2940,6
2023/05/16 16:41:24.445,1,82019CFB,No Relay,882,162,2690,3
2023/05/16 16:41:24.445,1,82019CFB,No Relay,882,174,2690,6
2023/05/16 16:41:24.570,1,82019543,No Relay,900,210,2880,6
2023/05/16 16:41:24.586,1,82019543,No Relay,900,162,2880,3
2023/05/16 16:41:24.804,1,82019A5C,No Relay,822,174,3050,3
2023/05/16 16:41:24.898,1,82019C9E,No Relay,842,183,2980,6
2023/05/16 16:41:24.976,1,82019C9E,No Relay,842,132,2980,3
2023/05/16 16:41:25.086,1,82019CF3,No Relay,807,171,2685,3
2023/05/16 16:41:25.086,1,82019CF3,No Relay,807,183,2685,6
2023/05/16 16:41:25.680,1,82019EBB,No Relay,818,216,2840,6
2023/05/16 16:41:25.976,1,82018DBB,No Relay,844,192,2940,6
2023/05/16 16:41:25.992,1,82018DBB,No Relay,844,147,2940,3
2023/05/16 16:41:26.492,1,8201A0FF,No Relay,843,195,3050,6
2023/05/16 16:41:26.758,1,82019B41,No Relay,896,195,2940,6
2023/05/16 16:41:26.758,1,82019B41,No Relay,896,162,2940,3
2023/05/16 16:41:27.117,1,82019F0C,No Relay,830,159,3130,6
2023/05/16 16:41:27.258,1,82019A5C,No Relay,823,171,3050,3
2023/05/16 16:41:27.351,1,82019A5C,No Relay,823,180,3050,6
2023/05/16 16:41:27.523,1,82019543,No Relay,901,207,2880,6
2023/05/16 16:41:27.867,1,82019CF3,No Relay,808,171,2690,3
2023/05/16 16:41:27.867,1,82019CF3,No Relay,808,180,2690,6
2023/05/16 16:41:28.055,1,82019EBB,No Relay,819,150,2830,3
2023/05/16 16:41:28.055,1,82019EBB,No Relay,819,216,2830,6
2023/05/16 16:41:29.133,1,8201A0FF,No Relay,844,195,3050,6
2023/05/16 16:41:29.195,1,82019B41,No Relay,897,159,2940,3
2023/05/16 16:41:29.336,1,82019B41,No Relay,897,195,2940,6
2023/05/16 16:41:29.898,1,82019CFB,No Relay,884,168,2690,3
2023/05/16 16:41:29.898,1,82019543,No Relay,902,168,2880,3
2023/05/16 16:41:29.930,1,82019CFB,No Relay,884,171,2690,6
2023/05/16 16:41:29.945,1,82019543,No Relay,902,207,2880,6
2023/05/16 16:41:30.039,1,82019C9E,No Relay,844,183,2980,6
2023/05/16 16:41:30.086,1,82019A5C,No Relay,824,159,3050,3
2023/05/16 16:41:30.101,1,82019A5C,No Relay,824,177,3050,6
2023/05/16 16:41:30.508,1,82019CF3,No Relay,809,171,2690,3
2023/05/16 16:41:30.851,1,82019EBB,No Relay,820,150,2830,3
2023/05/16 16:41:30.871,1,82019EBB,No Relay,820,213,2830,6
2023/05/16 16:41:31.459,1,82018DBB,No Relay,846,189,2950,6
2023/05/16 16:41:31.725,1,8201A0FF,No Relay,845,195,3050,6
2023/05/16 16:41:31.725,1,8201A0FF,No Relay,845,153,3050,3
2023/05/16 16:41:31.944,1,82019B41,No Relay,898,195,2940,6
2023/05/16 16:41:31.959,1,82019B41,No Relay,898,156,2940,3
2023/05/16 16:41:32.366,1,82019CFB,No Relay,885,168,2690,3
2023/05/16 16:41:32.381,1,82019CFB,No Relay,885,171,2690,6
2023/05/16 16:41:32.459,1,82019A5C,No Relay,825,177,3050,6
2023/05/16 16:41:32.475,1,82019A5C,No Relay,825,177,3050,3
2023/05/16 16:41:32.600,1,82019C9E,No Relay,845,183,2980,6
2023/05/16 16:41:32.616,1,82019C9E,No Relay,845,144,2980,3
2023/05/16 16:41:33.094,1,82019CF3,No Relay,810,180,2690,6
2023/05/16 16:41:33.109,1,82019CF3,No Relay,810,177,2690,3
2023/05/16 16:41:33.406,1,82019EBB,No Relay,821,216,2840,6
2023/05/16 16:41:33.406,1,82019EBB,No Relay,821,156,2840,3
2023/05/16 16:41:33.922,1,82018DBB,No Relay,847,189,2940,6
2023/05/16 16:41:33.937,1,82018DBB,No Relay,847,162,2940,3
2023/05/16 16:41:34.469,1,8201A0FF,No Relay,846,159,3050,3
2023/05/16 16:41:34.484,1,8201A0FF,No Relay,846,195,3050,6
2023/05/16 16:41:34.766,1,82019B41,No Relay,899,195,2940,6
2023/05/16 16:41:34.766,1,82019B41,No Relay,899,156,2940,3
2023/05/16 16:41:34.859,1,82019F0C,No Relay,833,159,3120,3
2023/05/16 16:41:34.891,1,82019F0C,No Relay,833,162,3120,6
2023/05/16 16:41:35.062,1,82019A5C,No Relay,826,180,3050,3
2023/05/16 16:41:35.109,1,82019CFB,No Relay,886,171,2690,6
2023/05/16 16:41:35.109,1,82019CFB,No Relay,886,168,2690,3
2023/05/16 16:41:35.344,1,82019543,No Relay,904,159,2880,3
2023/05/16 16:41:35.359,1,82019543,No Relay,904,207,2880,6
2023/05/16 16:41:35.641,1,82019CF3,No Relay,811,171,2690,3
2023/05/16 16:41:35.656,1,82019CF3,No Relay,811,183,2690,6
2023/05/16 16:41:36.141,1,82019EBB,No Relay,822,216,2830,6
2023/05/16 16:41:36.141,1,82019EBB,No Relay,822,159,2830,3
2023/05/16 16:41:36.750,1,82018DBB,No Relay,848,192,2940,6
2023/05/16 16:41:36.750,1,82018DBB,No Relay,848,159,2940,3
2023/05/16 16:41:36.953,1,8201A0FF,No Relay,847,156,3050,3
2023/05/16 16:41:36.953,1,8201A0FF,No Relay,847,195,3050,6
2023/05/16 16:41:37.203,1,82019F0C,No Relay,834,156,3120,3
2023/05/16 16:41:37.219,1,82019F0C,No Relay,834,168,3120,6
2023/05/16 16:41:37.422,1,82019B41,No Relay,900,153,2940,3
2023/05/16 16:41:37.500,1,82019C9E,No Relay,847,183,2980,6
2023/05/16 16:41:37.625,1,82019C9E,No Relay,847,141,2980,3
2023/05/16 16:41:37.703,1,82019CFB,No Relay,887,174,2690,6
2023/05/16 16:41:37.719,1,82019A5C,No Relay,827,183,3050,6
2023/05/16 16:41:37.828,1,82019CFB,No Relay,887,171,2690,3
2023/05/16 16:41:38.234,1,82019543,No Relay,905,207,2880,6
2023/05/16 16:41:38.422,1,82019CF3,No Relay,812,186,2690,6
2023/05/16 16:41:38.890,1,82019EBB,No Relay,823,159,2840,3
2023/05/16 16:41:39.500,1,8201A0FF,No Relay,848,156,3050,3
2023/05/16 16:41:39.515,1,8201A0FF,No Relay,848,195,3050,6
2023/05/16 16:41:39.547,1,82019F0C,No Relay,835,168,3120,6
2023/05/16 16:41:40.078,1,82019B41,No Relay,901,195,2940,6
2023/05/16 16:41:40.094,1,82019B41,No Relay,901,153,2940,3
2023/05/16 16:41:40.109,1,82019A5C,No Relay,828,180,3050,6
2023/05/16 16:41:40.265,1,82019CFB,No Relay,888,171,2690,6
2023/05/16 16:41:40.469,1,82019C9E,No Relay,848,183,2970,6
2023/05/16 16:41:41.047,1,82019CF3,No Relay,813,180,2690,6
2023/05/16 16:41:41.750,1,82019EBB,No Relay,824,153,2830,3
2023/05/16 16:41:41.984,1,82018DBB,No Relay,850,192,2960,6
2023/05/16 16:41:42.062,1,8201A0FF,No Relay,849,147,3050,3
2023/05/16 16:41:42.234,1,82019F0C,No Relay,836,168,3120,3
2023/05/16 16:41:42.234,1,82019F0C,No Relay,836,156,3120,6
2023/05/16 16:41:42.234,1,8201A0FF,No Relay,849,195,3050,6
2023/05/16 16:41:42.500,1,82019CFB,No Relay,889,171,2690,3
2023/05/16 16:41:42.500,1,82019CFB,No Relay,889,177,2690,6
2023/05/16 16:41:42.734,1,82019A5C,No Relay,829,183,3050,6
2023/05/16 16:41:43.093,1,82019C9E,No Relay,849,183,2970,6
2023/05/16 16:41:43.093,1,82019C9E,No Relay,849,144,2970,3
2023/05/16 16:41:43.578,1,82019543,No Relay,907,162,2880,3
2023/05/16 16:41:43.625,1,82019543,No Relay,907,210,2880,6
2023/05/16 16:41:44.031,1,82019CF3,No Relay,814,180,2690,6
2023/05/16 16:41:44.031,1,82019CF3,No Relay,814,174,2690,3
2023/05/16 16:41:44.516,1,82019F0C,No Relay,837,168,3120,3
2023/05/16 16:41:44.531,1,82019F0C,No Relay,837,150,3120,6
2023/05/16 16:41:44.547,1,82018DBB,No Relay,851,189,2940,6
2023/05/16 16:41:44.687,1,82019EBB,No Relay,825,213,2850,6
2023/05/16 16:41:44.719,1,82019EBB,No Relay,825,156,2850,3
2023/05/16 16:41:44.797,1,8201A0FF,No Relay,850,132,3050,3
2023/05/16 16:41:44.859,1,8201A0FF,No Relay,850,198,3050,6
2023/05/16 16:41:45.125,1,82019A5C,No Relay,830,132,3050,3
2023/05/16 16:41:45.140,1,82019A5C,No Relay,830,183,3050,6
2023/05/16 16:41:45.328,1,82019B41,No Relay,903,195,2940,6
2023/05/16 16:41:45.609,1,82019C9E,No Relay,850,183,2970,6
2023/05/16 16:41:45.625,1,82019C9E,No Relay,850,132,2970,3
2023/05/16 16:41:46.312,1,82019543,No Relay,908,210,2880,6
2023/05/16 16:41:47.016,1,82019F0C,No Relay,838,159,3120,6
2023/05/16 16:41:47.031,1,82019F0C,No Relay,838,177,3120,3
2023/05/16 16:41:47.203,1,82018DBB,No Relay,852,147,2940,3
2023/05/16 16:41:47.344,1,8201A0FF,No Relay,851,195,3050,6
2023/05/16 16:41:47.406,1,8201A0FF,No Relay,851,159,3050,3
2023/05/16 16:41:47.719,1,82019B41,No Relay,904,177,2940,3
2023/05/16 16:41:47.734,1,82019B41,No Relay,904,204,2940,6
2023/05/16 16:41:47.750,1,82019A5C,No Relay,831,183,3050,6
2023/05/16 16:41:47.765,1,82019A5C,No Relay,831,159,3050,3
2023/05/16 16:41:47.937,1,82019CFB,No Relay,891,177,2690,6
2023/05/16 16:41:47.953,1,82019CFB,No Relay,891,177,2690,3
2023/05/16 16:41:48.937,1,82019543,No Relay,909,159,2880,3
2023/05/16 16:41:49.250,1,82019CF3,No Relay,816,180,2685,6
2023/05/16 16:41:49.687,1,82019F0C,No Relay,839,168,3120,6
2023/05/16 16:41:49.687,1,82019F0C,No Relay,839,177,3120,3
2023/05/16 16:41:49.875,1,82019EBB,No Relay,827,216,2840,6
2023/05/16 16:41:49.906,1,8201A0FF,No Relay,852,195,3050,6
2023/05/16 16:41:49.906,1,8201A0FF,No Relay,852,159,3050,3
2023/05/16 16:41:50.156,1,82019A5C,No Relay,832,177,3050,6
2023/05/16 16:41:50.156,1,82019A5C,No Relay,832,168,3050,3
2023/05/16 16:41:50.328,1,82019B41,No Relay,905,198,2940,6
2023/05/16 16:41:50.406,1,82019CFB,No Relay,892,180,2690,3
2023/05/16 16:41:50.531,1,82019CFB,No Relay,892,174,2690,6
2023/05/16 16:41:50.609,1,82019C9E,No Relay,852,120,2970,3
2023/05/16 16:41:50.734,1,82019C9E,No Relay,852,183,2970,6
2023/05/16 16:41:52.468,1,82019EBB,No Relay,828,171,2840,3
2023/05/16 16:41:52.609,1,82019EBB,No Relay,828,216,2840,6
2023/05/16 16:41:52.672,1,82018DBB,No Relay,854,141,2950,3
2023/05/16 16:41:52.672,1,82019F0C,No Relay,840,177,3120,3
2023/05/16 16:41:52.719,1,82018DBB,No Relay,854,192,2950,6
2023/05/16 16:41:52.719,1,82019F0C,No Relay,840,168,3120,6
2023/05/16 16:41:52.875,1,82019A5C,No Relay,833,171,3050,3
2023/05/16 16:41:52.937,1,82019A5C,No Relay,833,177,3050,6
2023/05/16 16:41:53.031,1,82019B41,No Relay,906,174,2940,3
2023/05/16 16:41:53.078,1,82019B41,No Relay,906,198,2940,6
2023/05/16 16:41:53.218,1,82019CFB,No Relay,893,180,2690,3
2023/05/16 16:41:53.281,1,82019CFB,No Relay,893,171,2690,6
2023/05/16 16:41:53.437,1,82019C9E,No Relay,853,186,2970,6
2023/05/16 16:41:54.094,1,82019543,No Relay,911,159,2880,3
2023/05/16 16:41:54.219,1,82019543,No Relay,911,207,2880,6
2023/05/16 16:41:54.359,1,82019CF3,No Relay,818,177,2690,3
2023/05/16 16:41:54.422,1,82019CF3,No Relay,818,180,2690,6
2023/05/16 16:41:55.000,1,82019EBB,No Relay,829,216,2840,6
2023/05/16 16:41:55.141,1,8201A0FF,No Relay,854,195,3050,6
2023/05/16 16:41:55.141,1,8201A0FF,No Relay,854,159,3050,3
2023/05/16 16:41:55.250,1,82019F0C,No Relay,841,177,3120,3
2023/05/16 16:41:55.281,1,82019F0C,No Relay,841,162,3120,6
2023/05/16 16:41:55.390,1,82018DBB,No Relay,855,144,2940,3
2023/05/16 16:41:55.453,1,82019A5C,No Relay,834,168,3050,3
2023/05/16 16:41:55.484,1,82019A5C,No Relay,834,174,3050,6
2023/05/16 16:41:55.594,1,82019C9E,No Relay,854,126,2970,3
2023/05/16 16:41:55.609,1,82019C9E,No Relay,854,183,2970,6
2023/05/16 16:41:55.719,1,82019B41,No Relay,907,198,2940,6
2023/05/16 16:41:55.755,1,82019B41,No Relay,907,174,2940,3
2023/05/16 16:41:56.880,1,82019543,No Relay,912,159,2880,3
2023/05/16 16:41:57.114,1,82019CF3,No Relay,819,177,2690,6
2023/05/16 16:41:57.520,1,8201A0FF,No Relay,855,195,3050,6
2023/05/16 16:41:57.567,1,82019EBB,No Relay,830,216,2840,6
2023/05/16 16:41:57.583,1,82019EBB,No Relay,830,177,2840,3
2023/05/16 16:41:57.661,1,82018DBB,No Relay,856,138,2940,3
2023/05/16 16:41:57.723,1,82018DBB,No Relay,856,192,2940,6
2023/05/16 16:41:57.770,1,82019F0C,No Relay,842,177,3120,3
2023/05/16 16:41:57.786,1,82019F0C,No Relay,842,168,3120,6
2023/05/16 16:41:58.098,1,82019B41,No Relay,908,198,2940,6
2023/05/16 16:41:58.130,1,82019C9E,No Relay,855,120,2970,3
2023/05/16 16:41:58.286,1,82019C9E,No Relay,855,183,2970,6
2023/05/16 16:41:59.739,1,82019543,No Relay,913,210,2880,6
2023/05/16 16:41:59.755,1,82019543,No Relay,913,159,2880,3
2023/05/16 16:41:59.927,1,8201A0FF,No Relay,856,195,3050,6
2023/05/16 16:41:59.927,1,8201A0FF,No Relay,856,159,3050,3
2023/05/16 16:41:59.958,1,82019CF3,No Relay,820,180,2690,6
2023/05/16 16:42:00.286,1,82019EBB,No Relay,831,174,2830,3
2023/05/16 16:42:00.286,1,82019EBB,No Relay,831,216,2830,6
2023/05/16 16:42:00.567,1,82019F0C,No Relay,843,180,3120,3
2023/05/16 16:42:00.755,1,82019C9E,No Relay,856,183,2970,6
2023/05/16 16:42:00.802,1,82019C9E,No Relay,856,123,2970,3
2023/05/16 16:42:02.348,1,82019CF3,No Relay,821,180,2690,6
2023/05/16 16:42:02.364,1,82019CF3,No Relay,821,180,2690,3
2023/05/16 16:42:02.645,1,82019543,No Relay,914,207,2890,6
2023/05/16 16:42:03.004,1,82019EBB,No Relay,832,174,2830,3
2023/05/16 16:42:03.083,1,82019B41,No Relay,910,198,2940,6
2023/05/16 16:42:03.099,1,82019B41,No Relay,910,177,2940,3
2023/05/16 16:42:03.099,1,82019A5C,No Relay,837,174,3050,6
2023/05/16 16:42:03.208,1,82019A5C,No Relay,837,168,3050,3
2023/05/16 16:42:03.364,1,82019F0C,No Relay,844,168,3120,6
2023/05/16 16:42:03.411,1,82019C9E,No Relay,857,186,2970,6
2023/05/16 16:42:03.411,1,82019F0C,No Relay,844,177,3120,3
2023/05/16 16:42:03.568,1,82019CFB,No Relay,897,177,2690,3
2023/05/16 16:42:03.583,1,82019CFB,No Relay,897,174,2690,6
2023/05/16 16:42:04.807,1,82019CF3,No Relay,822,183,2690,6
2023/05/16 16:42:04.807,1,82019CF3,No Relay,822,177,2690,3
2023/05/16 16:42:05.041,1,8201A0FF,No Relay,858,195,3050,6
2023/05/16 16:42:05.057,1,8201A0FF,No Relay,858,162,3050,3
2023/05/16 16:42:05.198,1,82019543,No Relay,915,159,2880,3
2023/05/16 16:42:05.213,1,82019543,No Relay,915,207,2880,6
2023/05/16 16:42:05.619,1,82019EBB,No Relay,833,174,2830,3
2023/05/16 16:42:05.619,1,82019EBB,No Relay,833,213,2830,6
2023/05/16 16:42:05.682,1,82019B41,No Relay,911,198,2940,6
2023/05/16 16:42:05.697,1,82019B41,No Relay,911,177,2940,3
2023/05/16 16:42:05.838,1,82019A5C,No Relay,838,171,3050,3
2023/05/16 16:42:05.854,1,82019A5C,No Relay,838,180,3050,6
2023/05/16 16:42:05.869,1,82018DBB,No Relay,859,132,2960,3
2023/05/16 16:42:05.885,1,82018DBB,No Relay,859,192,2960,6
2023/05/16 16:42:06.119,1,82019CFB,No Relay,898,180,2690,3
2023/05/16 16:42:06.119,1,82019CFB,No Relay,898,174,2690,6
2023/05/16 16:42:06.276,1,82019C9E,No Relay,858,192,2970,6
2023/05/16 16:42:06.291,1,82019C9E,No Relay,858,135,2970,3
2023/05/16 16:42:07.401,1,82019CF3,No Relay,823,180,2690,3
2023/05/16 16:42:07.401,1,82019CF3,No Relay,823,180,2690,6
2023/05/16 16:42:07.869,1,82019543,No Relay,916,159,2880,3
2023/05/16 16:42:07.885,1,82019543,No Relay,916,207,2880,6
2023/05/16 16:42:08.307,1,82018DBB,No Relay,860,132,2940,3
2023/05/16 16:42:08.307,1,82019A5C,No Relay,839,171,3060,3
2023/05/16 16:42:08.307,1,82018DBB,No Relay,860,192,2940,6
2023/05/16 16:42:08.307,1,82019A5C,No Relay,839,177,3060,6
2023/05/16 16:42:08.479,1,82019CFB,No Relay,899,180,2690,3
2023/05/16 16:42:08.494,1,82019CFB,No Relay,899,171,2690,6
2023/05/16 16:42:08.494,1,82019EBB,No Relay,834,174,2830,3
2023/05/16 16:42:08.682,1,82019B41,No Relay,912,198,2940,6
2023/05/16 16:42:08.682,1,82019B41,No Relay,912,177,2940,3
2023/05/16 16:42:08.854,1,82019C9E,No Relay,859,132,2970,3
2023/05/16 16:42:08.869,1,82019C9E,No Relay,859,183,2970,6
2023/05/16 16:42:09.932,1,82019CF3,No Relay,824,180,2685,3
2023/05/16 16:42:09.932,1,82019CF3,No Relay,824,180,2685,6
2023/05/16 16:42:10.432,1,8201A0FF,No Relay,860,195,3050,6
2023/05/16 16:42:10.447,1,8201A0FF,No Relay,860,168,3050,3
2023/05/16 16:42:10.651,1,82019543,No Relay,917,159,2880,3
2023/05/16 16:42:11.041,1,82019EBB,No Relay,835,213,2840,6
2023/05/16 16:42:11.041,1,82019EBB,No Relay,835,174,2840,3
2023/05/16 16:42:11.135,1,82019CFB,No Relay,900,171,2685,6
2023/05/16 16:42:11.151,1,82019CFB,No Relay,900,180,2685,3
2023/05/16 16:42:11.244,1,82019F0C,No Relay,847,168,3120,6
2023/05/16 16:42:11.260,1,82019F0C,No Relay,847,177,3120,3
2023/05/16 16:42:11.354,1,82019B41,No Relay,913,177,2940,3
2023/05/16 16:42:11.369,1,82019B41,No Relay,913,195,2940,6
2023/05/16 16:42:13.151,1,82018DBB,No Relay,862,192,2950,6
2023/05/16 16:42:13.244,1,82018DBB,No Relay,862,123,2950,3
2023/05/16 16:42:13.354,1,82019A5C,No Relay,841,177,3050,6
2023/05/16 16:42:13.385,1,82019A5C,No Relay,841,168,3050,3
2023/05/16 16:42:13.541,1,82019543,No Relay,918,210,2880,6
2023/05/16 16:42:13.651,1,82019B41,No Relay,914,177,2940,3
2023/05/16 16:42:13.666,1,82019B41,No Relay,914,195,2940,6
2023/05/16 16:42:13.838,1,82019EBB,No Relay,836,213,2830,6
2023/05/16 16:42:13.838,1,82019F0C,No Relay,848,177,3120,3
2023/05/16 16:42:13.932,1,82019F0C,No Relay,848,168,3120,6
2023/05/16 16:42:14.822,1,82019CF3,No Relay,826,180,2690,6
2023/05/16 16:42:14.885,1,82019CF3,No Relay,826,183,2690,3
2023/05/16 16:42:15.854,1,82019A5C,No Relay,842,180,3050,6
2023/05/16 16:42:15.854,1,82019A5C,No Relay,842,171,3050,3
2023/05/16 16:42:16.010,1,8201A0FF,No Relay,862,195,3050,6
2023/05/16 16:42:16.057,1,82019543,No Relay,919,210,2880,6
2023/05/16 16:42:16.072,1,8201A0FF,No Relay,862,162,3050,3
2023/05/16 16:42:16.151,1,82018DBB,No Relay,863,192,2960,6
2023/05/16 16:42:16.354,1,82019B41,No Relay,915,198,2940,6
2023/05/16 16:42:16.385,1,82019EBB,No Relay,837,216,2830,6
2023/05/16 16:42:16.541,1,82019CFB,No Relay,902,174,2690,6
2023/05/16 16:42:16.588,1,82019F0C,No Relay,849,168,3120,6
2023/05/16 16:42:16.666,1,82019CFB,No Relay,902,177,2690,3
2023/05/16 16:42:16.682,1,82019F0C,No Relay,849,177,3120,3
2023/05/16 16:42:17.682,1,82019CF3,No Relay,827,180,2690,6
2023/05/16 16:42:18.619,1,82018DBB,No Relay,864,132,2940,3
2023/05/16 16:42:18.619,1,82018DBB,No Relay,864,192,2940,6
2023/05/16 16:42:18.666,1,82019A5C,No Relay,843,177,3050,6
2023/05/16 16:42:18.697,1,82019A5C,No Relay,843,171,3050,3
2023/05/16 16:42:18.838,1,82019B41,No Relay,916,195,2940,6
2023/05/16 16:42:18.838,1,82019B41,No Relay,916,177,2940,3
2023/05/16 16:42:18.869,1,82019EBB,No Relay,838,216,2830,6
2023/05/16 16:42:18.869,1,82019EBB,No Relay,838,174,2830,3
2023/05/16 16:42:19.072,1,82019F0C,No Relay,850,168,3120,6
2023/05/16 16:42:19.166,1,82019CFB,No Relay,903,177,2690,3
2023/05/16 16:42:19.166,1,82019CFB,No Relay,903,174,2690,6
2023/05/16 16:42:19.479,1,82019C9E,No Relay,863,135,2980,3
2023/05/16 16:42:20.354,1,82019CF3,No Relay,828,180,2690,3
2023/05/16 16:42:20.354,1,82019CF3,No Relay,828,180,2690,6
2023/05/16 16:42:21.244,1,82019B41,No Relay,917,177,2940,3
2023/05/16 16:42:21.244,1,82019B41,No Relay,917,195,2940,6
2023/05/16 16:42:21.291,1,82019A5C,No Relay,844,177,3050,6
2023/05/16 16:42:21.369,1,82019543,No Relay,921,159,2880,3
2023/05/16 16:42:21.447,1,82018DBB,No Relay,865,192,2940,6
2023/05/16 16:42:21.494,1,82019543,No Relay,921,207,2880,6
2023/05/16 16:42:21.604,1,82019EBB,No Relay,839,174,2840,3
2023/05/16 16:42:21.689,1,82019EBB,No Relay,839,213,2840,6
2023/05/16 16:42:21.892,1,82019F0C,No Relay,851,168,3120,6
2023/05/16 16:42:22.330,1,82019C9E,No Relay,864,183,2970,6
2023/05/16 16:42:22.330,1,82019C9E,No Relay,864,135,2970,3
2023/05/16 16:42:23.111,1,82019CF3,No Relay,829,180,2690,3
2023/05/16 16:42:23.127,1,82019CF3,No Relay,829,183,2690,6
2023/05/16 16:42:23.800,1,82019A5C,No Relay,845,171,3050,3
2023/05/16 16:42:23.831,1,82019A5C,No Relay,845,177,3050,6
2023/05/16 16:42:23.878,1,8201A0FF,No Relay,865,162,3050,3
2023/05/16 16:42:23.878,1,8201A0FF,No Relay,865,195,3050,6
2023/05/16 16:42:24.019,1,82019EBB,No Relay,840,216,2840,6
2023/05/16 16:42:24.034,1,82019F0C,No Relay,852,177,3120,3
2023/05/16 16:42:24.066,1,82019B41,No Relay,918,177,2940,3
2023/05/16 16:42:24.081,1,82019B41,No Relay,918,195,2940,6
2023/05/16 16:42:24.206,1,82019543,No Relay,922,168,2880,3
2023/05/16 16:42:24.253,1,82019F0C,No Relay,852,168,3120,6
2023/05/16 16:42:24.300,1,82019CFB,No Relay,905,180,2680,3
2023/05/16 16:42:24.300,1,82019CFB,No Relay,905,171,2680,6
2023/05/16 16:42:24.394,1,82019543,No Relay,922,210,2880,6
2023/05/16 16:42:24.722,1,82019C9E,No Relay,865,183,2970,6
2023/05/16 16:42:24.722,1,82019C9E,No Relay,865,135,2970,3
2023/05/16 16:42:25.691,1,82019CF3,No Relay,830,180,2690,3
2023/05/16 16:42:25.691,1,82019CF3,No Relay,830,180,2690,6
2023/05/16 16:42:26.394,1,82019EBB,No Relay,841,213,2830,6
2023/05/16 16:42:26.409,1,82019EBB,No Relay,841,174,2830,3
2023/05/16 16:42:26.581,1,82019A5C,No Relay,846,168,3050,3
2023/05/16 16:42:26.597,1,82019A5C,No Relay,846,177,3050,6
2023/05/16 16:42:26.659,1,8201A0FF,No Relay,866,195,3050,6
2023/05/16 16:42:26.659,1,8201A0FF,No Relay,866,162,3050,3
2023/05/16 16:42:26.800,1,82019F0C,No Relay,853,168,3120,6
2023/05/16 16:42:26.878,1,82018DBB,No Relay,867,192,2950,6
2023/05/16 16:42:26.909,1,82018DBB,No Relay,867,132,2950,3
2023/05/16 16:42:27.175,1,82019C9E,No Relay,866,132,2970,3
2023/05/16 16:42:27.175,1,82019C9E,No Relay,866,183,2970,6
2023/05/16 16:42:28.269,1,82019CF3,No Relay,831,177,2690,3
2023/05/16 16:42:28.269,1,82019CF3,No Relay,831,180,2690,6
2023/05/16 16:42:29.034,1,82019A5C,No Relay,847,177,3050,6
2023/05/16 16:42:29.034,1,82019A5C,No Relay,847,171,3050,3
2023/05/16 16:42:29.206,1,82019F0C,No Relay,854,168,3120,6
2023/05/16 16:42:29.222,1,82019F0C,No Relay,854,177,3120,3
2023/05/16 16:42:29.441,1,8201A0FF,No Relay,867,195,3050,6
2023/05/16 16:42:29.441,1,8201A0FF,No Relay,867,162,3050,3
2023/05/16 16:42:29.628,1,82019CFB,No Relay,907,171,2690,6
2023/05/16 16:42:29.644,1,82019CFB,No Relay,907,177,2690,3
2023/05/16 16:42:29.675,1,82019543,No Relay,924,210,2880,6
2023/05/16 16:42:29.831,1,82018DBB,No Relay,868,192,2940,6
2023/05/16 16:42:29.847,1,82019C9E,No Relay,867,135,2980,3
2023/05/16 16:42:30.035,1,82019C9E,No Relay,867,183,2980,6
2023/05/16 16:42:31.113,1,82019CF3,No Relay,832,183,2690,6
2023/05/16 16:42:31.128,1,82019CF3,No Relay,832,177,2690,3
2023/05/16 16:42:31.597,1,82019A5C,No Relay,848,168,3050,3
2023/05/16 16:42:31.613,1,82019A5C,No Relay,848,180,3050,6
2023/05/16 16:42:31.847,1,82019F0C,No Relay,855,174,3120,3
2023/05/16 16:42:31.847,1,82019F0C,No Relay,855,168,3120,6
2023/05/16 16:42:31.988,1,82019EBB,No Relay,843,171,2850,3
2023/05/16 16:42:32.003,1,82019EBB,No Relay,843,216,2850,6
2023/05/16 16:42:32.175,1,82018DBB,No Relay,869,144,2940,3
2023/05/16 16:42:32.175,1,82018DBB,No Relay,869,186,2940,6
2023/05/16 16:42:32.285,1,82019C9E,No Relay,868,183,2970,6
2023/05/16 16:42:32.300,1,82019C9E,No Relay,868,135,2970,3
2023/05/16 16:42:32.331,1,82019543,No Relay,925,210,2880,6
2023/05/16 16:42:32.331,1,82019543,No Relay,925,162,2880,3
2023/05/16 16:42:32.488,1,8201A0FF,No Relay,868,159,3050,3
2023/05/16 16:42:33.769,1,82019CF3,No Relay,833,177,2690,3
2023/05/16 16:42:33.941,1,82019A5C,No Relay,849,177,3050,6
2023/05/16 16:42:33.956,1,82019A5C,No Relay,849,168,3050,3
2023/05/16 16:42:34.128,1,82019F0C,No Relay,856,168,3120,6
2023/05/16 16:42:34.144,1,82019F0C,No Relay,856,174,3120,3
2023/05/16 16:42:34.519,1,82019EBB,No Relay,844,216,2830,6
2023/05/16 16:42:34.706,1,82019C9E,No Relay,869,183,2970,6
2023/05/16 16:42:34.706,1,82019C9E,No Relay,869,138,2970,3
2023/05/16 16:42:34.894,1,82019543,No Relay,926,210,2880,6
2023/05/16 16:42:34.894,1,82019CFB,No Relay,909,171,2690,6
2023/05/16 16:42:34.909,1,82019CFB,No Relay,909,177,2690,3
2023/05/16 16:42:34.909,1,82019543,No Relay,926,159,2880,3
2023/05/16 16:42:35.112,1,8201A0FF,No Relay,869,195,3050,6
2023/05/16 16:42:35.112,1,8201A0FF,No Relay,869,159,3050,3
2023/05/16 16:42:36.456,1,82019A5C,No Relay,850,177,3050,6
2023/05/16 16:42:36.472,1,82019A5C,No Relay,850,168,3050,3
2023/05/16 16:42:36.660,1,82019F0C,No Relay,857,177,3120,3
2023/05/16 16:42:36.675,1,82019F0C,No Relay,857,168,3120,6
2023/05/16 16:42:36.863,1,82019CF3,No Relay,834,183,2690,6
2023/05/16 16:42:36.878,1,82019CF3,No Relay,834,177,2690,3
2023/05/16 16:42:37.050,1,82019EBB,No Relay,845,213,2830,6
2023/05/16 16:42:37.159,1,82019C9E,No Relay,870,183,2970,6
2023/05/16 16:42:37.159,1,82019C9E,No Relay,870,132,2970,3
2023/05/16 16:42:37.628,1,82019B41,No Relay,923,174,2940,3
2023/05/16 16:42:37.628,1,82019B41,No Relay,923,195,2940,6
2023/05/16 16:42:37.769,1,82019543,No Relay,927,168,2880,3
2023/05/16 16:42:37.769,1,82019543,No Relay,927,210,2880,6
2023/05/16 16:42:38.847,1,82019A5C,No Relay,851,168,3050,3
2023/05/16 16:42:39.331,1,82019F0C,No Relay,858,162,3120,6
2023/05/16 16:42:39.331,1,82019F0C,No Relay,858,177,3120,3
2023/05/16 16:42:39.519,1,82019CF3,No Relay,835,180,2690,6
2023/05/16 16:42:39.534,1,82019CF3,No Relay,835,180,2690,3
2023/05/16 16:42:39.816,1,82019EBB,No Relay,846,174,2830,3
2023/05/16 16:42:39.816,1,82019EBB,No Relay,846,216,2830,6
2023/05/16 16:42:39.863,1,82018DBB,No Relay,872,135,2940,3
2023/05/16 16:42:39.878,1,82018DBB,No Relay,872,189,2940,6
2023/05/16 16:42:40.175,1,82019B41,No Relay,924,195,2940,6
2023/05/16 16:42:40.175,1,82019B41,No Relay,924,177,2940,3
2023/05/16 16:42:40.300,1,82019543,No Relay,928,210,2880,6
2023/05/16 16:42:40.300,1,82019543,No Relay,928,159,2880,3
2023/05/16 16:42:40.363,1,82019CFB,No Relay,911,174,2690,6
2023/05/16 16:42:40.363,1,82019CFB,No Relay,911,180,2690,3
2023/05/16 16:42:40.566,1,8201A0FF,No Relay,871,198,3050,6
2023/05/16 16:42:40.566,1,8201A0FF,No Relay,871,159,3050,3
2023/05/16 16:42:41.285,1,82019A5C,No Relay,852,180,3050,6
2023/05/16 16:42:41.300,1,82019A5C,No Relay,852,171,3050,3
2023/05/16 16:42:41.816,1,82019CF3,No Relay,836,180,2685,3
2023/05/16 16:42:41.816,1,82019CF3,No Relay,836,183,2685,6
2023/05/16 16:42:42.035,1,82019F0C,No Relay,859,162,3120,6
2023/05/16 16:42:42.035,1,82019F0C,No Relay,859,177,3120,3
2023/05/16 16:42:42.363,1,82019EBB,No Relay,847,216,2840,6
2023/05/16 16:42:42.363,1,82019EBB,No Relay,847,174,2840,3
2023/05/16 16:42:42.581,1,82018DBB,No Relay,873,132,2940,3
2023/05/16 16:42:42.816,1,8201A0FF,No Relay,872,195,3050,6
2023/05/16 16:42:42.910,1,82019B41,No Relay,925,177,2940,3
2023/05/16 16:42:43.019,1,82019543,No Relay,929,213,2880,6
2023/05/16 16:42:43.019,1,82019B41,No Relay,925,195,2940,6
2023/05/16 16:42:43.035,1,82019543,No Relay,929,162,2880,3
2023/05/16 16:42:43.130,1,82019CFB,No Relay,912,180,2690,3
2023/05/16 16:42:43.224,1,82019CFB,No Relay,912,174,2690,6
2023/05/16 16:42:43.927,1,82019A5C,No Relay,853,171,3050,3
2023/05/16 16:42:43.927,1,82019A5C,No Relay,853,186,3050,6
2023/05/16 16:42:44.458,1,82019CF3,No Relay,837,186,2690,6
2023/05/16 16:42:44.458,1,82019CF3,No Relay,837,183,2690,3
2023/05/16 16:42:44.646,1,82019F0C,No Relay,860,159,3120,6
2023/05/16 16:42:44.661,1,82019F0C,No Relay,860,171,3120,3
2023/05/16 16:42:44.880,1,82019C9E,No Relay,873,132,2980,3
2023/05/16 16:42:44.896,1,82019C9E,No Relay,873,183,2980,6
2023/05/16 16:42:45.130,1,82019EBB,No Relay,848,216,2850,6
2023/05/16 16:42:45.145,1,82019EBB,No Relay,848,174,2850,3
2023/05/16 16:42:45.302,1,82018DBB,No Relay,874,132,2940,3
2023/05/16 16:42:45.521,1,82019CFB,No Relay,913,177,2685,3
2023/05/16 16:42:45.521,1,82019CFB,No Relay,913,174,2685,6
2023/05/16 16:42:45.724,1,82019543,No Relay,930,213,2880,6
2023/05/16 16:42:45.724,1,82019B41,No Relay,926,177,2940,3
2023/05/16 16:42:45.724,1,82019543,No Relay,930,162,2880,3
2023/05/16 16:42:46.271,1,82019A5C,No Relay,854,186,3050,6
2023/05/16 16:42:46.271,1,82019A5C,No Relay,854,171,3050,3
2023/05/16 16:42:46.989,1,82019CF3,No Relay,838,186,2690,6
2023/05/16 16:42:46.989,1,82019CF3,No Relay,838,180,2690,3
2023/05/16 16:42:47.193,1,82019F0C,No Relay,861,171,3120,3
2023/05/16 16:42:47.193,1,82019F0C,No Relay,861,156,3120,6
2023/05/16 16:42:47.521,1,82019C9E,No Relay,874,183,2970,6
2023/05/16 16:42:47.599,1,82019EBB,No Relay,849,177,2830,3
2023/05/16 16:42:47.802,1,82018DBB,No Relay,875,189,2940,6
2023/05/16 16:42:48.114,1,82019B41,No Relay,927,195,2940,6
2023/05/16 16:42:48.130,1,82019B41,No Relay,927,177,2940,3
2023/05/16 16:42:48.318,1,82019CFB,No Relay,914,177,2680,6
2023/05/16 16:42:48.318,1,82019CFB,No Relay,914,180,2680,3
2023/05/16 16:42:48.505,1,8201A0FF,No Relay,874,195,3050,6
2023/05/16 16:42:48.521,1,8201A0FF,No Relay,874,162,3050,3
2023/05/16 16:42:48.521,1,82019543,No Relay,931,213,2880,6
2023/05/16 16:42:48.755,1,82019A5C,No Relay,855,168,3050,3
2023/05/16 16:42:48.755,1,82019A5C,No Relay,855,189,3050,6
2023/05/16 16:42:49.474,1,82019CF3,No Relay,839,186,2690,6
2023/05/16 16:42:49.474,1,82019CF3,No Relay,839,180,2690,3
2023/05/16 16:42:49.661,1,82019F0C,No Relay,862,159,3120,6
2023/05/16 16:42:49.661,1,82019F0C,No Relay,862,174,3120,3
2023/05/16 16:42:50.052,1,82019EBB,No Relay,850,174,2840,3
2023/05/16 16:42:50.067,1,82019EBB,No Relay,850,216,2840,6
2023/05/16 16:42:50.349,1,82019C9E,No Relay,875,132,2970,3
2023/05/16 16:42:50.364,1,82019C9E,No Relay,875,183,2970,6
2023/05/16 16:42:50.583,1,8201A0FF,No Relay,875,195,3050,6
2023/05/16 16:42:50.583,1,8201A0FF,No Relay,875,162,3050,3
2023/05/16 16:42:50.771,1,82019CFB,No Relay,915,180,2690,3
2023/05/16 16:42:50.771,1,82019CFB,No Relay,915,177,2690,6
2023/05/16 16:42:51.036,1,82019543,No Relay,932,213,2880,6
2023/05/16 16:42:51.036,1,82019543,No Relay,932,162,2880,3
2023/05/16 16:42:51.443,1,82019A5C,No Relay,856,183,3050,6
2023/05/16 16:42:52.114,1,82019CF3,No Relay,840,180,2690,3
2023/05/16 16:42:52.146,1,82019CF3,No Relay,840,183,2690,6
2023/05/16 16:42:52.317,1,82019F0C,No Relay,863,159,3120,6
2023/05/16 16:42:52.317,1,82019F0C,No Relay,863,174,3120,3
2023/05/16 16:42:52.755,1,82019EBB,No Relay,851,171,2840,3
2023/05/16 16:42:52.771,1,82019EBB,No Relay,851,216,2840,6
2023/05/16 16:42:52.771,1,82019C9E,No Relay,876,132,2970,3
2023/05/16 16:42:52.974,1,82019C9E,No Relay,876,183,2970,6
2023/05/16 16:42:53.048,1,8201A0FF,No Relay,876,168,3050,3
2023/05/16 16:42:53.079,1,8201A0FF,No Relay,876,195,3050,6
2023/05/16 16:42:53.408,1,82019CFB,No Relay,916,180,2690,6
2023/05/16 16:42:53.438,1,82019CFB,No Relay,916,189,2690,3
2023/05/16 16:42:53.641,1,82019543,No Relay,933,213,2880,6
2023/05/16 16:42:53.656,1,82019543,No Relay,933,162,2880,3
2023/05/16 16:42:54.157,1,82019A5C,No Relay,857,168,3050,3
2023/05/16 16:42:54.703,1,82019CF3,No Relay,841,180,2690,3
2023/05/16 16:42:54.797,1,82019CF3,No Relay,841,183,2690,6
2023/05/16 16:42:54.922,1,82019F0C,No Relay,864,171,3120,3
2023/05/16 16:42:54.922,1,82019F0C,No Relay,864,168,3120,6
2023/05/16 16:42:55.282,1,82019EBB,No Relay,852,174,2850,3
2023/05/16 16:42:55.282,1,82019EBB,No Relay,852,216,2850,6
2023/05/16 16:42:55.641,1,82019C9E,No Relay,877,132,2970,3
2023/05/16 16:42:55.641,1,82019C9E,No Relay,877,183,2970,6
2023/05/16 16:42:55.813,1,8201A0FF,No Relay,877,162,3050,3
2023/05/16 16:42:55.828,1,8201A0FF,No Relay,877,195,3050,6
2023/05/16 16:42:56.094,1,82019CFB,No Relay,917,180,2675,3
2023/05/16 16:42:56.125,1,82019543,No Relay,934,162,2880,3
2023/05/16 16:42:56.125,1,82019543,No Relay,934,213,2880,6
2023/05/16 16:42:56.141,1,82019B41,No Relay,930,195,2940,6
2023/05/16 16:42:56.313,1,82019B41,No Relay,930,177,2940,3
2023/05/16 16:42:56.750,1,82019A5C,No Relay,858,183,3050,6
2023/05/16 16:42:57.375,1,82019F0C,No Relay,865,162,3120,6
2023/05/16 16:42:57.375,1,82019F0C,No Relay,865,174,3120,3
2023/05/16 16:42:57.594,1,82019CF3,No Relay,842,177,2680,3
2023/05/16 16:42:57.594,1,82019CF3,No Relay,842,186,2680,6
2023/05/16 16:42:57.828,1,82019EBB,No Relay,853,174,2830,3
2023/05/16 16:42:57.844,1,82019EBB,No Relay,853,216,2830,6
2023/05/16 16:42:58.203,1,82018DBB,No Relay,879,132,2950,3
2023/05/16 16:42:58.203,1,82018DBB,No Relay,879,192,2950,6
2023/05/16 16:42:58.469,1,82019CFB,No Relay,918,177,2690,6
2023/05/16 16:42:58.485,1,82019CFB,No Relay,918,180,2690,3
2023/05/16 16:42:58.672,1,82019B41,No Relay,931,195,2940,6
2023/05/16 16:42:58.672,1,82019B41,No Relay,931,177,2940,3
2023/05/16 16:42:59.031,1,82019543,No Relay,935,213,2880,6
2023/05/16 16:42:59.031,1,82019543,No Relay,935,162,2880,3
2023/05/16 16:42:59.188,1,82019A5C,No Relay,859,186,3050,6
2023/05/16 16:42:59.203,1,82019A5C,No Relay,859,171,3050,3
2023/05/16 16:42:59.985,1,82019CF3,No Relay,843,180,2690,3
2023/05/16 16:43:00.000,1,82019CF3,No Relay,843,183,2690,6
2023/05/16 16:43:00.188,1,82019F0C,No Relay,866,171,3120,3
2023/05/16 16:43:00.200,1,82019F0C,No Relay,866,168,3120,6
2023/05/16 16:43:00.559,1,82019C9E,No Relay,879,183,2980,6
2023/05/16 16:43:00.559,1,82019C9E,No Relay,879,135,2980,3
2023/05/16 16:43:00.669,1,82019EBB,No Relay,854,171,2830,3
2023/05/16 16:43:00.731,1,82019EBB,No Relay,854,216,2830,6
2023/05/16 16:43:01.028,1,82019CFB,No Relay,919,177,2690,6
2023/05/16 16:43:01.044,1,82019CFB,No Relay,919,180,2690,3
2023/05/16 16:43:01.153,1,82018DBB,No Relay,880,186,2940,6
2023/05/16 16:43:01.669,1,82019A5C,No Relay,860,168,3050,3
2023/05/16 16:43:01.684,1,82019A5C,No Relay,860,183,3050,6
2023/05/16 16:43:01.856,1,82019543,No Relay,936,168,2880,3
2023/05/16 16:43:01.872,1,82019543,No Relay,936,210,2880,6
2023/05/16 16:43:02.450,1,82019F0C,No Relay,867,156,3120,6
2023/05/16 16:43:02.465,1,82019F0C,No Relay,867,174,3120,3
2023/05/16 16:43:02.747,1,82019CF3,No Relay,844,183,2690,6
2023/05/16 16:43:02.747,1,82019CF3,No Relay,844,180,2690,3
2023/05/16 16:43:03.059,1,82019EBB,No Relay,855,216,2830,6
2023/05/16 16:43:03.075,1,82019EBB,No Relay,855,174,2830,3
2023/05/16 16:43:03.153,1,82019C9E,No Relay,880,183,2970,6
2023/05/16 16:43:03.169,1,82019C9E,No Relay,880,135,2970,3
2023/05/16 16:43:03.341,1,82019CFB,No Relay,920,177,2690,6
2023/05/16 16:43:03.356,1,82019CFB,No Relay,920,180,2690,3
2023/05/16 16:43:03.544,1,82018DBB,No Relay,881,132,2940,3
2023/05/16 16:43:04.090,1,82019B41,No Relay,933,198,2940,6
2023/05/16 16:43:04.090,1,82019B41,No Relay,933,174,2940,3
2023/05/16 16:43:04.231,1,82019543,No Relay,937,210,2880,6
2023/05/16 16:43:04.231,1,82019543,No Relay,937,168,2880,3
2023/05/16 16:43:04.434,1,82019A5C,No Relay,861,171,3050,3
2023/05/16 16:43:04.447,1,82019A5C,No Relay,861,183,3050,6
2023/05/16 16:43:04.901,1,82019F0C,No Relay,868,171,3120,3
2023/05/16 16:43:04.901,1,82019F0C,No Relay,868,159,3120,6
2023/05/16 16:43:05.463,1,82019CF3,No Relay,845,183,2690,6
2023/05/16 16:43:05.479,1,82019CF3,No Relay,845,180,2690,3
2023/05/16 16:43:05.854,1,82019EBB,No Relay,856,174,2830,3
2023/05/16 16:43:05.869,1,82019EBB,No Relay,856,216,2830,6
2023/05/16 16:43:06.041,1,82019CFB,No Relay,921,180,2680,3
2023/05/16 16:43:06.150,1,8201A0FF,No Relay,881,195,3050,6
2023/05/16 16:43:06.244,1,8201A0FF,No Relay,881,162,3050,3
2023/05/16 16:43:06.338,1,82018DBB,No Relay,882,189,2940,6
2023/05/16 16:43:06.448,1,82018DBB,No Relay,882,132,2940,3
2023/05/16 16:43:06.651,1,82019543,No Relay,938,168,2880,3
2023/05/16 16:43:06.838,1,82019A5C,No Relay,862,171,3050,3
2023/05/16 16:43:06.854,1,82019A5C,No Relay,862,183,3050,6
2023/05/16 16:43:07.604,1,82019F0C,No Relay,869,153,3120,6
2023/05/16 16:43:08.354,1,82019CF3,No Relay,846,180,2690,3
2023/05/16 16:43:08.354,1,82019CF3,No Relay,846,186,2690,6
2023/05/16 16:43:08.557,1,82019EBB,No Relay,857,174,2840,3
2023/05/16 16:43:08.557,1,82019EBB,No Relay,857,216,2840,6
2023/05/16 16:43:08.619,1,82019CFB,No Relay,922,180,2690,3
2023/05/16 16:43:08.619,1,82019CFB,No Relay,922,174,2690,6
2023/05/16 16:43:08.822,1,82018DBB,No Relay,883,135,2940,3
2023/05/16 16:43:08.822,1,82018DBB,No Relay,883,189,2940,6
2023/05/16 16:43:09.010,1,8201A0FF,No Relay,882,162,3050,3
2023/05/16 16:43:09.010,1,8201A0FF,No Relay,882,195,3050,6
2023/05/16 16:43:09.479,1,82019543,No Relay,939,162,2880,3
2023/05/16 16:43:09.510,1,82019B41,No Relay,935,195,2940,6
2023/05/16 16:43:09.510,1,82019B41,No Relay,935,177,2940,3
2023/05/16 16:43:09.635,1,82019A5C,No Relay,863,183,3050,6
2023/05/16 16:43:10.369,1,82019F0C,No Relay,870,153,3120,6
2023/05/16 16:43:10.385,1,82019F0C,No Relay,870,174,3120,3
2023/05/16 16:43:10.900,1,82019EBB,No Relay,858,171,2830,3
2023/05/16 16:43:10.916,1,82019EBB,No Relay,858,216,2830,6
2023/05/16 16:43:10.963,1,82019C9E,No Relay,883,132,2980,3
2023/05/16 16:43:10.963,1,82019C9E,No Relay,883,183,2980,6
2023/05/16 16:43:11.119,1,82019CF3,No Relay,847,183,2690,6
2023/05/16 16:43:11.166,1,82019CF3,No Relay,847,177,2690,3
2023/05/16 16:43:11.166,1,82019CFB,No Relay,923,177,2690,6
2023/05/16 16:43:11.166,1,82019CFB,No Relay,923,177,2690,3
2023/05/16 16:43:11.822,1,8201A0FF,No Relay,883,195,3050,6
2023/05/16 16:43:11.822,1,8201A0FF,No Relay,883,162,3050,3
2023/05/16 16:43:12.010,1,82019B41,No Relay,936,174,2940,3
2023/05/16 16:43:12.025,1,82019A5C,No Relay,864,174,3050,3
2023/05/16 16:43:12.072,1,82019A5C,No Relay,864,186,3050,6
2023/05/16 16:43:12.276,1,82019543,No Relay,940,210,2880,6
2023/05/16 16:43:12.276,1,82019543,No Relay,940,165,2880,3
2023/05/16 16:43:13.088,1,82019F0C,No Relay,871,171,3120,3
2023/05/16 16:43:13.088,1,82019F0C,No Relay,871,156,3120,6
2023/05/16 16:43:13.291,1,82019EBB,No Relay,859,174,2830,3
2023/05/16 16:43:13.291,1,82019EBB,No Relay,859,216,2830,6
2023/05/16 16:43:13.666,1,82019C9E,No Relay,884,132,2970,3
2023/05/16 16:43:13.682,1,82019CF3,No Relay,848,180,2690,3
2023/05/16 16:43:13.822,1,82019C9E,No Relay,884,183,2970,6
2023/05/16 16:43:13.838,1,82019CF3,No Relay,848,183,2690,6
2023/05/16 16:43:13.885,1,82019CFB,No Relay,924,177,2690,6
2023/05/16 16:43:14.209,1,82018DBB,No Relay,885,186,2950,6
2023/05/16 16:43:14.225,1,82018DBB,No Relay,885,132,2950,3
2023/05/16 16:43:14.678,1,82019A5C,No Relay,865,186,3050,6
2023/05/16 16:43:14.678,1,82019B41,No Relay,937,195,2940,6
2023/05/16 16:43:14.709,1,82019B41,No Relay,937,177,2940,3
2023/05/16 16:43:14.709,1,82019A5C,No Relay,865,174,3050,3
2023/05/16 16:43:14.880,1,82019543,No Relay,941,210,2880,6
2023/05/16 16:43:14.896,1,82019543,No Relay,941,162,2880,3
2023/05/16 16:43:15.864,1,82019F0C,No Relay,872,177,3120,3
2023/05/16 16:43:16.083,1,82019EBB,No Relay,860,216,2830,6
2023/05/16 16:43:16.083,1,82019EBB,No Relay,860,174,2830,3
2023/05/16 16:43:16.286,1,82019CFB,No Relay,925,177,2690,6
2023/05/16 16:43:16.333,1,82019CFB,No Relay,925,177,2690,3
2023/05/16 16:43:16.380,1,82019CF3,No Relay,849,183,2690,6
2023/05/16 16:43:16.489,1,82019C9E,No Relay,885,183,2980,6
2023/05/16 16:43:16.505,1,82019CF3,No Relay,849,183,2690,3
2023/05/16 16:43:16.516,1,82019C9E,No Relay,885,132,2980,3
2023/05/16 16:43:17.048,1,82019A5C,No Relay,866,171,3050,3
2023/05/16 16:43:17.048,1,82019A5C,No Relay,866,186,3050,6
2023/05/16 16:43:17.063,1,8201A0FF,No Relay,885,168,3050,3
2023/05/16 16:43:17.391,1,82019B41,No Relay,938,183,2940,3
2023/05/16 16:43:17.516,1,82019543,No Relay,942,213,2880,6
2023/05/16 16:43:17.516,1,82019543,No Relay,942,162,2880,3
2023/05/16 16:43:18.423,1,82019F0C,No Relay,873,171,3120,3
2023/05/16 16:43:18.423,1,82019F0C,No Relay,873,156,3120,6
2023/05/16 16:43:18.954,1,82019C9E,No Relay,886,132,2970,3
2023/05/16 16:43:18.969,1,82019C9E,No Relay,886,183,2970,6
2023/05/16 16:43:19.157,1,82019CFB,No Relay,926,180,2675,3
2023/05/16 16:43:19.173,1,82019CFB,No Relay,926,177,2675,6
2023/05/16 16:43:19.469,1,82018DBB,No Relay,887,192,2940,6
2023/05/16 16:43:19.469,1,82018DBB,No Relay,887,132,2940,3
2023/05/16 16:43:19.766,1,82019A5C,No Relay,867,171,3050,3
2023/05/16 16:43:19.970,1,82019B41,No Relay,939,177,2940,3
2023/05/16 16:43:19.985,1,82019B41,No Relay,939,195,2940,6
2023/05/16 16:43:20.188,1,82019543,No Relay,943,168,2890,3
2023/05/16 16:43:20.688,1,82019F0C,No Relay,874,156,3120,6
2023/05/16 16:43:20.704,1,82019F0C,No Relay,874,174,3120,3
2023/05/16 16:43:21.298,1,82019CF3,No Relay,851,180,2690,3
2023/05/16 16:43:21.313,1,82019CF3,No Relay,851,183,2690,6
2023/05/16 16:43:21.626,1,82019EBB,No Relay,862,174,2840,3
2023/05/16 16:43:21.626,1,82019EBB,No Relay,862,216,2840,6
2023/05/16 16:43:21.688,1,82019CFB,No Relay,927,177,2690,6
2023/05/16 16:43:21.704,1,82019CFB,No Relay,927,177,2690,3
2023/05/16 16:43:22.282,1,8201A0FF,No Relay,887,162,3050,3
2023/05/16 16:43:22.282,1,8201A0FF,No Relay,887,195,3050,6
2023/05/16 16:43:22.345,1,82019A5C,No Relay,868,186,3050,6
2023/05/16 16:43:22.360,1,82019A5C,No Relay,868,171,3050,3
2023/05/16 16:43:23.441,1,82019F0C,No Relay,875,162,3120,6
2023/05/16 16:43:23.456,1,82019F0C,No Relay,875,171,3120,3
2023/05/16 16:43:23.847,1,82019EBB,No Relay,863,216,2830,6
2023/05/16 16:43:23.847,1,82019EBB,No Relay,863,174,2830,3
2023/05/16 16:43:24.113,1,82019CF3,No Relay,852,186,2690,6
2023/05/16 16:43:24.113,1,82019CF3,No Relay,852,180,2690,3
2023/05/16 16:43:24.519,1,82019CFB,No Relay,928,177,2690,6
2023/05/16 16:43:24.582,1,82019CFB,No Relay,928,180,2690,3
2023/05/16 16:43:24.718,1,82019C9E,No Relay,888,132,2980,3
2023/05/16 16:43:24.734,1,82019C9E,No Relay,888,183,2980,6
2023/05/16 16:43:24.922,1,8201A0FF,No Relay,888,195,3050,6
2023/05/16 16:43:24.937,1,8201A0FF,No Relay,888,162,3050,3
2023/05/16 16:43:25.078,1,82019A5C,No Relay,869,183,3050,6
2023/05/16 16:43:25.091,1,82019A5C,No Relay,869,171,3050,3
2023/05/16 16:43:25.123,1,82018DBB,No Relay,889,189,2940,6
2023/05/16 16:43:25.310,1,82019543,No Relay,945,168,2880,3
2023/05/16 16:43:25.326,1,82019543,No Relay,945,213,2880,6
2023/05/16 16:43:25.420,1,82019B41,No Relay,941,177,2940,3
2023/05/16 16:43:25.998,1,82019F0C,No Relay,876,174,3120,3
2023/05/16 16:43:26.513,1,82019CF3,No Relay,853,183,2690,6
2023/05/16 16:43:26.529,1,82019CF3,No Relay,853,180,2690,3
2023/05/16 16:43:26.717,1,82019EBB,No Relay,864,174,2840,3
2023/05/16 16:43:27.076,1,82019C9E,No Relay,889,183,2970,6
2023/05/16 16:43:27.076,1,82019C9E,No Relay,889,132,2970,3
2023/05/16 16:43:27.263,1,82019CFB,No Relay,929,180,2690,3
2023/05/16 16:43:27.279,1,82019CFB,No Relay,929,177,2690,6
2023/05/16 16:43:27.670,1,82018DBB,No Relay,890,132,2940,3
2023/05/16 16:43:27.685,1,82018DBB,No Relay,890,192,2940,6
2023/05/16 16:43:27.951,1,82019543,No Relay,946,213,2880,6
2023/05/16 16:43:27.951,1,82019543,No Relay,946,168,2880,3
2023/05/16 16:43:28.076,1,82019B41,No Relay,942,195,2940,6
2023/05/16 16:43:28.076,1,82019B41,No Relay,942,174,2940,3
2023/05/16 16:43:28.654,1,82019F0C,No Relay,877,168,3120,6
2023/05/16 16:43:28.670,1,82019F0C,No Relay,877,174,3120,3
2023/05/16 16:43:28.935,1,82019CF3,No Relay,854,183,2690,6
2023/05/16 16:43:28.935,1,82019CF3,No Relay,854,180,2690,3
2023/05/16 16:43:29.263,1,82019EBB,No Relay,865,216,2830,6
2023/05/16 16:43:29.279,1,82019EBB,No Relay,865,177,2830,3
2023/05/16 16:43:29.607,1,82019CFB,No Relay,930,174,2690,6
2023/05/16 16:43:29.607,1,82019CFB,No Relay,930,177,2690,3
2023/05/16 16:43:30.263,1,8201A0FF,No Relay,890,168,3050,3
2023/05/16 16:43:30.263,1,8201A0FF,No Relay,890,195,3050,6
2023/05/16 16:43:30.404,1,82019A5C,No Relay,871,180,3050,6
2023/05/16 16:43:30.404,1,82019A5C,No Relay,871,168,3050,3
2023/05/16 16:43:30.592,1,82019543,No Relay,947,159,2880,3
2023/05/16 16:43:30.607,1,82019543,No Relay,947,210,2880,6
2023/05/16 16:43:31.420,1,82019F0C,No Relay,878,174,3120,3
2023/05/16 16:43:31.670,1,82019CF3,No Relay,855,183,2690,6
2023/05/16 16:43:31.670,1,82019CF3,No Relay,855,180,2690,3
2023/05/16 16:43:32.076,1,82019EBB,No Relay,866,174,2830,3
2023/05/16 16:43:32.076,1,82019EBB,No Relay,866,216,2830,6
2023/05/16 16:43:32.092,1,82019CFB,No Relay,931,177,2690,3
2023/05/16 16:43:32.107,1,82019CFB,No Relay,931,174,2690,6
2023/05/16 16:43:32.795,1,8201A0FF,No Relay,891,162,3050,3
2023/05/16 16:43:32.888,1,82018DBB,No Relay,892,186,2940,6
2023/05/16 16:43:32.998,1,82018DBB,No Relay,892,111,2940,3
2023/05/16 16:43:33.076,1,82019B41,No Relay,944,198,2960,6
2023/05/16 16:43:33.170,1,82019A5C,No Relay,872,171,3050,3
2023/05/16 16:43:33.217,1,82019B41,No Relay,944,174,2960,3
2023/05/16 16:43:33.217,1,82019543,No Relay,948,210,2880,6
2023/05/16 16:43:33.342,1,82019543,No Relay,948,159,2880,3
2023/05/16 16:43:33.998,1,82019F0C,No Relay,879,150,3120,6
2023/05/16 16:43:34.013,1,82019F0C,No Relay,879,174,3120,3
2023/05/16 16:43:34.201,1,82019CF3,No Relay,856,180,2690,6
2023/05/16 16:43:34.201,1,82019CF3,No Relay,856,180,2690,3
2023/05/16 16:43:34.654,1,82019EBB,No Relay,867,216,2830,6
2023/05/16 16:43:34.920,1,82019CFB,No Relay,932,171,2690,6
2023/05/16 16:43:34.920,1,82019CFB,No Relay,932,177,2690,3
2023/05/16 16:43:35.123,1,82019C9E,No Relay,892,183,2980,6
2023/05/16 16:43:35.123,1,82019C9E,No Relay,892,114,2980,3
2023/05/16 16:43:35.326,1,82018DBB,No Relay,893,135,2940,3
2023/05/16 16:43:35.576,1,8201A0FF,No Relay,892,159,3050,3
2023/05/16 16:43:35.685,1,82019B41,No Relay,945,198,2940,6
2023/05/16 16:43:35.763,1,82019B41,No Relay,945,174,2940,3
2023/05/16 16:43:35.842,1,82019543,No Relay,949,210,2880,6
2023/05/16 16:43:35.982,1,82019A5C,No Relay,873,168,3050,3
2023/05/16 16:43:36.498,1,82019CF3,No Relay,857,183,2690,6
2023/05/16 16:43:36.513,1,82019CF3,No Relay,857,180,2690,3
2023/05/16 16:43:36.810,1,82019F0C,No Relay,880,171,3120,3
2023/05/16 16:43:36.810,1,82019F0C,No Relay,880,168,3120,6
2023/05/16 16:43:37.388,1,82019EBB,No Relay,868,216,2830,6
2023/05/16 16:43:37.388,1,82019EBB,No Relay,868,168,2830,3
2023/05/16 16:43:37.467,1,82019CFB,No Relay,933,180,2690,3
2023/05/16 16:43:37.467,1,82019CFB,No Relay,933,174,2690,6
2023/05/16 16:43:37.826,1,82019C9E,No Relay,893,126,2970,3
2023/05/16 16:43:37.826,1,82019C9E,No Relay,893,183,2970,6
2023/05/16 16:43:38.029,1,82018DBB,No Relay,894,141,2940,3
2023/05/16 16:43:38.170,1,8201A0FF,No Relay,893,195,3050,6
2023/05/16 16:43:38.232,1,8201A0FF,No Relay,893,159,3050,3
2023/05/16 16:43:38.388,1,82019B41,No Relay,946,195,2940,6
2023/05/16 16:43:38.420,1,82019B41,No Relay,946,171,2940,3
2023/05/16 16:43:38.607,1,82019543,No Relay,950,210,2880,6
2023/05/16 16:43:38.623,1,82019543,No Relay,950,150,2880,3
2023/05/16 16:43:39.107,1,82019CF3,No Relay,858,180,2690,6
2023/05/16 16:43:39.107,1,82019CF3,No Relay,858,180,2690,3
2023/05/16 16:43:39.513,1,82019F0C,No Relay,881,162,3120,6
2023/05/16 16:43:39.513,1,82019F0C,No Relay,881,174,3120,3
2023/05/16 16:43:39.935,1,82019EBB,No Relay,869,168,2850,3
2023/05/16 16:43:39.967,1,82019EBB,No Relay,869,216,2850,6
2023/05/16 16:43:40.123,1,82019CFB,No Relay,934,180,2690,3
2023/05/16 16:43:40.138,1,82019CFB,No Relay,934,174,2690,6
2023/05/16 16:43:40.592,1,82018DBB,No Relay,895,192,2940,6
2023/05/16 16:43:40.592,1,82018DBB,No Relay,895,132,2940,3
2023/05/16 16:43:40.967,1,82019B41,No Relay,947,195,2950,6
2023/05/16 16:43:40.967,1,82019B41,No Relay,947,174,2950,3
2023/05/16 16:43:41.123,1,82019A5C,No Relay,875,162,3050,3
2023/05/16 16:43:41.156,1,82019A5C,No Relay,875,180,3050,6
2023/05/16 16:43:41.374,1,82019543,No Relay,951,207,2880,6
2023/05/16 16:43:41.656,1,82019CF3,No Relay,859,180,2690,3
2023/05/16 16:43:41.671,1,82019CF3,No Relay,859,183,2690,6
2023/05/16 16:43:42.015,1,82019F0C,No Relay,882,159,3120,6
2023/05/16 16:43:42.031,1,82019F0C,No Relay,882,177,3120,3
2023/05/16 16:43:42.515,1,82019EBB,No Relay,870,168,2830,3
2023/05/16 16:43:42.531,1,82019EBB,No Relay,870,216,2830,6
2023/05/16 16:43:42.734,1,82019C9E,No Relay,895,132,2980,3
2023/05/16 16:43:42.781,1,82019CFB,No Relay,935,171,2680,6
2023/05/16 16:43:42.937,1,82019CFB,No Relay,935,180,2680,3
2023/05/16 16:43:43.421,1,82018DBB,No Relay,896,192,2940,6
2023/05/16 16:43:43.421,1,82018DBB,No Relay,896,129,2940,3
2023/05/16 16:43:43.609,1,8201A0FF,No Relay,895,159,3050,3
2023/05/16 16:43:43.624,1,8201A0FF,No Relay,895,195,3050,6
2023/05/16 16:43:43.812,1,82019B41,No Relay,948,174,2950,3
2023/05/16 16:43:43.827,1,82019B41,No Relay,948,198,2950,6
2023/05/16 16:43:43.906,1,82019543,No Relay,952,210,2880,6
2023/05/16 16:43:43.921,1,82019543,No Relay,952,141,2880,3
2023/05/16 16:43:44.437,1,82019CF3,No Relay,860,180,2690,3
2023/05/16 16:43:44.437,1,82019CF3,No Relay,860,183,2690,6
2023/05/16 16:43:45.078,1,82019EBB,No Relay,871,216,2830,6
2023/05/16 16:43:45.078,1,82019EBB,No Relay,871,168,2830,3
2023/05/16 16:43:45.265,1,82019CFB,No Relay,936,177,2685,6
2023/05/16 16:43:45.281,1,82019CFB,No Relay,936,177,2685,3
2023/05/16 16:43:45.499,1,82019C9E,No Relay,896,183,2970,6
2023/05/16 16:43:45.515,1,82019C9E,No Relay,896,132,2970,3
2023/05/16 16:43:45.953,1,82018DBB,No Relay,897,189,2940,6
2023/05/16 16:43:45.968,1,82018DBB,No Relay,897,141,2940,3
2023/05/16 16:43:46.140,1,8201A0FF,No Relay,896,195,3050,6
2023/05/16 16:43:46.156,1,8201A0FF,No Relay,896,159,3050,3
2023/05/16 16:43:46.468,1,82019543,No Relay,953,210,2880,6
2023/05/16 16:43:47.390,1,82019F0C,No Relay,884,168,3120,6
2023/05/16 16:43:47.406,1,82019F0C,No Relay,884,177,3120,3
2023/05/16 16:43:47.609,1,82019EBB,No Relay,872,168,2830,3
2023/05/16 16:43:47.609,1,82019EBB,No Relay,872,216,2830,6
2023/05/16 16:43:47.734,1,82019CFB,No Relay,937,174,2690,6
2023/05/16 16:43:47.749,1,82019CFB,No Relay,937,177,2690,3
2023/05/16 16:43:47.937,1,82019C9E,No Relay,897,132,2970,3
2023/05/16 16:43:47.937,1,82019C9E,No Relay,897,183,2970,6
2023/05/16 16:43:48.859,1,8201A0FF,No Relay,897,195,3050,6
2023/05/16 16:43:48.984,1,82019B41,No Relay,950,171,2940,3
2023/05/16 16:43:49.062,1,82019A5C,No Relay,878,180,3050,6
2023/05/16 16:43:49.062,1,82019B41,No Relay,950,198,2940,6
2023/05/16 16:43:49.062,1,82019A5C,No Relay,878,162,3050,3
2023/05/16 16:43:49.859,1,82019F0C,No Relay,885,168,3120,6
2023/05/16 16:43:49.874,1,82019F0C,No Relay,885,174,3120,3
2023/05/16 16:43:50.062,1,82019CF3,No Relay,862,180,2690,3
2023/05/16 16:43:50.062,1,82019CF3,No Relay,862,183,2690,6
2023/05/16 16:43:50.140,1,82019CFB,No Relay,938,177,2690,3
2023/05/16 16:43:50.265,1,82019EBB,No Relay,873,168,2830,3
2023/05/16 16:43:50.265,1,82019EBB,No Relay,873,216,2830,6
2023/05/16 16:43:50.468,1,82019C9E,No Relay,898,183,2970,6
2023/05/16 16:43:50.468,1,82019C9E,No Relay,898,135,2970,3
2023/05/16 16:43:51.109,1,82018DBB,No Relay,899,192,2940,6
2023/05/16 16:43:51.109,1,82018DBB,No Relay,899,135,2940,3
2023/05/16 16:43:51.296,1,82019543,No Relay,955,147,2880,3
2023/05/16 16:43:51.343,1,8201A0FF,No Relay,898,195,3050,6
2023/05/16 16:43:51.359,1,8201A0FF,No Relay,898,159,3050,3
2023/05/16 16:43:51.448,1,82019A5C,No Relay,879,180,3050,6
2023/05/16 16:43:51.541,1,82019A5C,No Relay,879,162,3050,3
2023/05/16 16:43:51.541,1,82019B41,No Relay,951,171,2940,3
2023/05/16 16:43:51.729,1,82019B41,No Relay,951,198,2940,6
2023/05/16 16:43:52.370,1,82019F0C,No Relay,886,177,3120,3
2023/05/16 16:43:52.432,1,82019F0C,No Relay,886,162,3120,6
2023/05/16 16:43:52.557,1,82019EBB,No Relay,874,168,2830,3
2023/05/16 16:43:52.620,1,82019EBB,No Relay,874,216,2830,6
2023/05/16 16:43:52.745,1,82019CFB,No Relay,939,177,2685,3
2023/05/16 16:43:52.760,1,82019CFB,No Relay,939,171,2685,6
2023/05/16 16:43:52.760,1,82019CF3,No Relay,863,180,2690,3
2023/05/16 16:43:52.760,1,82019CF3,No Relay,863,183,2690,6
2023/05/16 16:43:53.338,1,82019C9E,No Relay,899,132,2970,3
2023/05/16 16:43:53.448,1,82019C9E,No Relay,899,183,2970,6
2023/05/16 16:43:53.698,1,82019543,No Relay,956,147,2880,3
2023/05/16 16:43:53.745,1,82019543,No Relay,956,207,2880,6
2023/05/16 16:43:53.948,1,8201A0FF,No Relay,899,159,3050,3
2023/05/16 16:43:54.057,1,8201A0FF,No Relay,899,195,3050,6
2023/05/16 16:43:54.838,1,82019EBB,No Relay,875,168,2830,3
2023/05/16 16:43:54.901,1,82019F0C,No Relay,887,159,3120,6
2023/05/16 16:43:54.979,1,82019EBB,No Relay,875,216,2830,6
2023/05/16 16:43:55.276,1,82019CF3,No Relay,864,180,2690,3
2023/05/16 16:43:55.276,1,82019CF3,No Relay,864,183,2690,6
2023/05/16 16:43:55.995,1,82019C9E,No Relay,900,132,2970,3
2023/05/16 16:43:55.995,1,82019C9E,No Relay,900,183,2970,6
2023/05/16 16:43:56.276,1,82019B41,No Relay,953,171,2940,3
2023/05/16 16:43:56.432,1,8201A0FF,No Relay,900,195,3050,6
2023/05/16 16:43:56.479,1,8201A0FF,No Relay,900,159,3050,3
2023/05/16 16:43:56.667,1,82018DBB,No Relay,901,189,2960,6
2023/05/16 16:43:56.682,1,82018DBB,No Relay,901,126,2960,3
2023/05/16 16:43:56.823,1,82019A5C,No Relay,881,180,3050,6
2023/05/16 16:43:56.823,1,82019A5C,No Relay,881,165,3050,3
2023/05/16 16:43:57.260,1,82019F0C,No Relay,888,159,3120,6
2023/05/16 16:43:57.291,1,82019EBB,No Relay,876,168,2830,3
2023/05/16 16:43:57.463,1,82019EBB,No Relay,876,216,2830,6
2023/05/16 16:43:58.167,1,82019CF3,No Relay,865,180,2690,3
2023/05/16 16:43:58.167,1,82019CF3,No Relay,865,180,2690,6
2023/05/16 16:43:58.245,1,82019CFB,No Relay,941,174,2690,3
2023/05/16 16:43:58.260,1,82019CFB,No Relay,941,174,2690,6
2023/05/16 16:43:58.917,1,8201A0FF,No Relay,901,159,3040,3
2023/05/16 16:43:58.932,1,8201A0FF,No Relay,901,195,3040,6
2023/05/16 16:43:59.135,1,82019B41,No Relay,954,171,2940,3
2023/05/16 16:43:59.479,1,82019A5C,No Relay,882,168,3050,3
2023/05/16 16:43:59.479,1,82019A5C,No Relay,882,177,3050,6
2023/05/16 16:43:59.682,1,82019EBB,No Relay,877,216,2830,6
2023/05/16 16:43:59.682,1,82019EBB,No Relay,877,165,2830,3
2023/05/16 16:43:59.885,1,82019F0C,No Relay,889,174,3120,3
2023/05/16 16:43:59.885,1,82019F0C,No Relay,889,159,3120,6
2023/05/16 16:44:00.620,1,82019CF3,No Relay,866,183,2690,6
2023/05/16 16:44:00.620,1,82019CF3,No Relay,866,183,2690,3
2023/05/16 16:44:00.807,1,82019CFB,No Relay,942,174,2675,3
2023/05/16 16:44:00.823,1,82019CFB,No Relay,942,174,2675,6
2023/05/16 16:44:01.620,1,82019543,No Relay,959,150,2880,3
2023/05/16 16:44:01.635,1,82019543,No Relay,959,210,2880,6
2023/05/16 16:44:01.792,1,82018DBB,No Relay,903,132,2950,3
2023/05/16 16:44:01.792,1,82018DBB,No Relay,903,192,2950,6
2023/05/16 16:44:02.198,1,82019A5C,No Relay,883,180,3050,6
2023/05/16 16:44:02.198,1,82019A5C,No Relay,883,168,3050,3
2023/05/16 16:44:02.401,1,82019EBB,No Relay,878,216,2830,6
2023/05/16 16:44:02.401,1,82019EBB,No Relay,878,162,2830,3
2023/05/16 16:44:02.588,1,82019F0C,No Relay,890,156,3120,6
2023/05/16 16:44:03.135,1,82019CF3,No Relay,867,183,2690,3
2023/05/16 16:44:03.151,1,82019CF3,No Relay,867,183,2690,6
2023/05/16 16:44:03.604,1,82019CFB,No Relay,943,174,2690,6
2023/05/16 16:44:03.619,1,82019CFB,No Relay,943,177,2690,3
2023/05/16 16:44:04.370,1,82019543,No Relay,960,150,2880,3
2023/05/16 16:44:04.370,1,82019543,No Relay,960,210,2880,6
2023/05/16 16:44:04.651,1,82018DBB,No Relay,904,192,2940,6
2023/05/16 16:44:04.666,1,82018DBB,No Relay,904,141,2940,3
2023/05/16 16:44:04.776,1,82019A5C,No Relay,884,168,3050,3
2023/05/16 16:44:04.813,1,82019A5C,No Relay,884,180,3050,6
2023/05/16 16:44:05.157,1,82019EBB,No Relay,879,216,2830,6
2023/05/16 16:44:05.188,1,82019F0C,No Relay,891,177,3120,3
2023/05/16 16:44:05.344,1,82019F0C,No Relay,891,159,3120,6
2023/05/16 16:44:05.876,1,82019CF3,No Relay,868,180,2690,6
2023/05/16 16:44:05.891,1,82019CF3,No Relay,868,180,2690,3
2023/05/16 16:44:06.157,1,82019C9E,No Relay,904,132,2980,3
2023/05/16 16:44:06.157,1,82019C9E,No Relay,904,183,2980,6
2023/05/16 16:44:06.344,1,82019CFB,No Relay,944,177,2690,3
2023/05/16 16:44:07.032,1,82019B41,No Relay,957,198,2940,6
2023/05/16 16:44:07.032,1,82019B41,No Relay,957,168,2940,3
2023/05/16 16:44:07.188,1,82019A5C,No Relay,885,177,3050,6
2023/05/16 16:44:07.188,1,82019A5C,No Relay,885,168,3050,3
2023/05/16 16:44:07.235,1,82018DBB,No Relay,905,186,2940,6
2023/05/16 16:44:07.282,1,82018DBB,No Relay,905,147,2940,3
2023/05/16 16:44:07.375,1,82019543,No Relay,961,147,2880,3
2023/05/16 16:44:07.375,1,82019543,No Relay,961,210,2880,6
2023/05/16 16:44:07.719,1,82019EBB,No Relay,880,219,2840,6
2023/05/16 16:44:07.735,1,82019EBB,No Relay,880,168,2840,3
2023/05/16 16:44:07.969,1,82019F0C,No Relay,892,174,3120,3
2023/05/16 16:44:07.985,1,82019F0C,No Relay,892,159,3120,6
2023/05/16 16:44:08.532,1,82019C9E,No Relay,905,186,2970,6
2023/05/16 16:44:08.547,1,82019C9E,No Relay,905,114,2970,3
2023/05/16 16:44:08.547,1,82019CF3,No Relay,869,183,2690,3
2023/05/16 16:44:08.735,1,82019CFB,No Relay,945,180,2680,3
2023/05/16 16:44:08.735,1,82019CFB,No Relay,945,174,2680,6
2023/05/16 16:44:09.860,1,82018DBB,No Relay,906,189,2940,6
2023/05/16 16:44:09.860,1,82019B41,No Relay,958,168,2940,3
2023/05/16 16:44:09.860,1,82019A5C,No Relay,886,168,3050,3
2023/05/16 16:44:10.047,1,82019543,No Relay,962,210,2880,6
2023/05/16 16:44:10.047,1,82018DBB,No Relay,906,126,2940,3
2023/05/16 16:44:10.047,1,82019543,No Relay,962,150,2880,3
2023/05/16 16:44:10.438,1,82019F0C,No Relay,893,159,3120,6
2023/05/16 16:44:10.438,1,82019EBB,No Relay,881,162,2830,3
2023/05/16 16:44:10.766,1,82019EBB,No Relay,881,216,2830,6
2023/05/16 16:44:11.001,1,82019CF3,No Relay,870,180,2690,6
2023/05/16 16:44:11.001,1,82019CF3,No Relay,870,183,2690,3
2023/05/16 16:44:11.204,1,82019C9E,No Relay,906,132,2970,3
2023/05/16 16:44:11.204,1,82019C9E,No Relay,906,186,2970,6
2023/05/16 16:44:11.594,1,8201A0FF,No Relay,906,162,3040,3
2023/05/16 16:44:12.344,1,82019A5C,No Relay,887,165,3050,3
2023/05/16 16:44:12.360,1,82018DBB,No Relay,907,192,2940,6
2023/05/16 16:44:12.376,1,82018DBB,No Relay,907,141,2940,3
2023/05/16 16:44:12.563,1,82019B41,No Relay,959,198,2940,6
2023/05/16 16:44:12.563,1,82019B41,No Relay,959,174,2940,3
2023/05/16 16:44:12.735,1,82019F0C,No Relay,894,177,3120,3
2023/05/16 16:44:12.798,1,82019543,No Relay,963,210,2880,6
2023/05/16 16:44:12.923,1,82019543,No Relay,963,144,2880,3
2023/05/16 16:44:13.204,1,82019EBB,No Relay,882,216,2840,6
2023/05/16 16:44:13.250,1,82019EBB,No Relay,882,162,2840,3
2023/05/16 16:44:13.876,1,82019CF3,No Relay,871,180,2690,6
2023/05/16 16:44:14.079,1,82019CFB,No Relay,947,174,2690,6
2023/05/16 16:44:14.094,1,82019CFB,No Relay,947,180,2690,3
2023/05/16 16:44:15.063,1,82018DBB,No Relay,908,141,2940,3
2023/05/16 16:44:15.173,1,82019F0C,No Relay,895,159,3120,6
2023/05/16 16:44:15.266,1,82019F0C,No Relay,895,174,3120,3
2023/05/16 16:44:15.266,1,82019B41,No Relay,960,171,2940,3
2023/05/16 16:44:15.360,1,82019A5C,No Relay,888,177,3050,6
2023/05/16 16:44:15.375,1,82019A5C,No Relay,888,168,3050,3
2023/05/16 16:44:15.532,1,82019543,No Relay,964,210,2880,6
2023/05/16 16:44:15.579,1,82019543,No Relay,964,159,2880,3
2023/05/16 16:44:15.969,1,82019EBB,No Relay,883,216,2840,6
2023/05/16 16:44:16.079,1,82019EBB,No Relay,883,168,2840,3
2023/05/16 16:44:16.532,1,82019CF3,No Relay,872,180,2690,6
2023/05/16 16:44:16.923,1,82019CFB,No Relay,948,177,2690,6
2023/05/16 16:44:16.954,1,82019CFB,No Relay,948,177,2690,3
2023/05/16 16:44:17.126,1,8201A0FF,No Relay,908,159,3050,3
2023/05/16 16:44:17.141,1,8201A0FF,No Relay,908,195,3050,6
2023/05/16 16:44:17.610,1,82019F0C,No Relay,896,174,3120,3
2023/05/16 16:44:17.719,1,82019A5C,No Relay,889,183,3050,6
2023/05/16 16:44:17.782,1,82018DBB,No Relay,909,141,2940,3
2023/05/16 16:44:17.782,1,82018DBB,No Relay,909,192,2940,6
2023/05/16 16:44:18.391,1,82019A5C,No Relay,889,165,3050,3
2023/05/16 16:44:18.407,1,82019543,No Relay,965,207,2880,6
2023/05/16 16:44:18.438,1,82019B41,No Relay,961,174,2940,3
2023/05/16 16:44:19.313,1,82019CFB,No Relay,949,177,2690,6
2023/05/16 16:44:19.344,1,82019CF3,No Relay,873,180,2690,3
2023/05/16 16:44:19.422,1,8201A0FF,No Relay,909,156,3040,3
2023/05/16 16:44:19.516,1,8201A0FF,No Relay,909,198,3040,6
2023/05/16 16:44:20.218,1,82019F0C,No Relay,897,174,3120,3
2023/05/16 16:44:20.406,1,82019543,No Relay,966,210,2880,6
2023/05/16 16:44:20.406,1,82019543,No Relay,966,150,2880,3
2023/05/16 16:44:20.718,1,82018DBB,No Relay,910,132,2940,3
2023/05/16 16:44:20.718,1,82018DBB,No Relay,910,192,2940,6
2023/05/16 16:44:20.859,1,82019B41,No Relay,962,159,2940,3
2023/05/16 16:44:20.875,1,82019B41,No Relay,962,198,2940,6
